{"type": "FeatureCollection", "name": "walk_network_nodes", "crs": {"type": "name", "properties": {"name": "urn:ogc:def:crs:OGC:1.3:CRS84"}}, "xy_coordinate_resolution": 1e-06, "features": [{"type": "Feature", "properties": {"osmid": 103952851}, "geometry": {"type": "Point", "coordinates": [-74.64541, 40.346795]}}, {"type": "Feature", "properties": {"osmid": 103952853}, "geometry": {"type": "Point", "coordinates": [-74.644013, 40.347411]}}, {"type": "Feature", "properties": {"osmid": 103952855}, "geometry": {"type": "Point", "coordinates": [-74.643881, 40.347466]}}, {"type": "Feature", "properties": {"osmid": 103965925}, "geometry": {"type": "Point", "coordinates": [-74.652088, 40.358575]}}, {"type": "Feature", "properties": {"osmid": 103971438}, "geometry": {"type": "Point", "coordinates": [-74.646774, 40.355472]}}, {"type": "Feature", "properties": {"osmid": 103971440}, "geometry": {"type": "Point", "coordinates": [-74.646213, 40.355677]}}, {"type": "Feature", "properties": {"osmid": 103971443}, "geometry": {"type": "Point", "coordinates": [-74.645375, 40.356052]}}, {"type": "Feature", "properties": {"osmid": 103976361}, "geometry": {"type": "Point", "coordinates": [-74.641911, 40.349254]}}, {"type": "Feature", "properties": {"osmid": 103980996}, "geometry": {"type": "Point", "coordinates": [-74.652259, 40.351929]}}, {"type": "Feature", "properties": {"osmid": 103980998}, "geometry": {"type": "Point", "coordinates": [-74.653083, 40.354308]}}, {"type": "Feature", "properties": {"osmid": 103981002}, "geometry": {"type": "Point", "coordinates": [-74.653413, 40.355182]}}, {"type": "Feature", "properties": {"osmid": 103982808}, "geometry": {"type": "Point", "coordinates": [-74.647562, 40.349838]}}, {"type": "Feature", "properties": {"osmid": 103982821}, "geometry": {"type": "Point", "coordinates": [-74.646697, 40.348219]}}, {"type": "Feature", "properties": {"osmid": 103983961}, "geometry": {"type": "Point", "coordinates": [-74.648187, 40.350502]}}, {"type": "Feature", "properties": {"osmid": 103983963}, "geometry": {"type": "Point", "coordinates": [-74.646682, 40.351182]}}, {"type": "Feature", "properties": {"osmid": 103983965}, "geometry": {"type": "Point", "coordinates": [-74.643967, 40.351947]}}, {"type": "Feature", "properties": {"osmid": 103983967}, "geometry": {"type": "Point", "coordinates": [-74.642432, 40.352436]}}, {"type": "Feature", "properties": {"osmid": 103983969}, "geometry": {"type": "Point", "coordinates": [-74.641422, 40.352757]}}, {"type": "Feature", "properties": {"osmid": 103984130}, "geometry": {"type": "Point", "coordinates": [-74.661058, 40.349935]}}, {"type": "Feature", "properties": {"osmid": 103984132}, "geometry": {"type": "Point", "coordinates": [-74.661332, 40.349871]}}, {"type": "Feature", "properties": {"osmid": 103984903}, "geometry": {"type": "Point", "coordinates": [-74.643945, 40.354467]}}, {"type": "Feature", "properties": {"osmid": 103984904}, "geometry": {"type": "Point", "coordinates": [-74.643474, 40.353834]}}, {"type": "Feature", "properties": {"osmid": 103984907}, "geometry": {"type": "Point", "coordinates": [-74.643026, 40.353232]}}, {"type": "Feature", "properties": {"osmid": 103990090}, "geometry": {"type": "Point", "coordinates": [-74.648387, 40.357623]}}, {"type": "Feature", "properties": {"osmid": 103990111}, "geometry": {"type": "Point", "coordinates": [-74.646471, 40.357301]}}, {"type": "Feature", "properties": {"osmid": 103994789}, "geometry": {"type": "Point", "coordinates": [-74.660747, 40.351974]}}, {"type": "Feature", "properties": {"osmid": 103997744}, "geometry": {"type": "Point", "coordinates": [-74.645258, 40.356704]}}, {"type": "Feature", "properties": {"osmid": 103997753}, "geometry": {"type": "Point", "coordinates": [-74.644482, 40.35679]}}, {"type": "Feature", "properties": {"osmid": 103998540}, "geometry": {"type": "Point", "coordinates": [-74.647674, 40.353324]}}, {"type": "Feature", "properties": {"osmid": 103998553}, "geometry": {"type": "Point", "coordinates": [-74.648094, 40.354373]}}, {"type": "Feature", "properties": {"osmid": 103999243}, "geometry": {"type": "Point", "coordinates": [-74.655755, 40.353817]}}, {"type": "Feature", "properties": {"osmid": 103999248}, "geometry": {"type": "Point", "coordinates": [-74.653333, 40.355191]}}, {"type": "Feature", "properties": {"osmid": 103999276}, "geometry": {"type": "Point", "coordinates": [-74.650531, 40.356183]}}, {"type": "Feature", "properties": {"osmid": 103999278}, "geometry": {"type": "Point", "coordinates": [-74.650453, 40.356204]}}, {"type": "Feature", "properties": {"osmid": 103999280}, "geometry": {"type": "Point", "coordinates": [-74.647947, 40.356829]}}, {"type": "Feature", "properties": {"osmid": 103999282}, "geometry": {"type": "Point", "coordinates": [-74.647829, 40.356857]}}, {"type": "Feature", "properties": {"osmid": 103999284}, "geometry": {"type": "Point", "coordinates": [-74.647709, 40.356895]}}, {"type": "Feature", "properties": {"osmid": 103999822}, "geometry": {"type": "Point", "coordinates": [-74.648915, 40.351417]}}, {"type": "Feature", "properties": {"osmid": 103999826}, "geometry": {"type": "Point", "coordinates": [-74.647381, 40.352106]}}, {"type": "Feature", "properties": {"osmid": 103999828}, "geometry": {"type": "Point", "coordinates": [-74.64617, 40.352645]}}, {"type": "Feature", "properties": {"osmid": 103999942}, "geometry": {"type": "Point", "coordinates": [-74.649634, 40.355299]}}, {"type": "Feature", "properties": {"osmid": 103999944}, "geometry": {"type": "Point", "coordinates": [-74.649415, 40.354734]}}, {"type": "Feature", "properties": {"osmid": 104001751}, "geometry": {"type": "Point", "coordinates": [-74.658215, 40.351067]}}, {"type": "Feature", "properties": {"osmid": 104004796}, "geometry": {"type": "Point", "coordinates": [-74.656257, 40.349379]}}, {"type": "Feature", "properties": {"osmid": 104004797}, "geometry": {"type": "Point", "coordinates": [-74.653525, 40.350339]}}, {"type": "Feature", "properties": {"osmid": 104004798}, "geometry": {"type": "Point", "coordinates": [-74.652929, 40.350544]}}, {"type": "Feature", "properties": {"osmid": 104004799}, "geometry": {"type": "Point", "coordinates": [-74.652054, 40.350853]}}, {"type": "Feature", "properties": {"osmid": 104005408}, "geometry": {"type": "Point", "coordinates": [-74.657604, 40.355028]}}, {"type": "Feature", "properties": {"osmid": 104005409}, "geometry": {"type": "Point", "coordinates": [-74.656382, 40.355357]}}, {"type": "Feature", "properties": {"osmid": 104005410}, "geometry": {"type": "Point", "coordinates": [-74.653765, 40.355979]}}, {"type": "Feature", "properties": {"osmid": 104005412}, "geometry": {"type": "Point", "coordinates": [-74.65063, 40.356756]}}, {"type": "Feature", "properties": {"osmid": 104005414}, "geometry": {"type": "Point", "coordinates": [-74.648197, 40.357363]}}, {"type": "Feature", "properties": {"osmid": 104017838}, "geometry": {"type": "Point", "coordinates": [-74.655038, 40.347819]}}, {"type": "Feature", "properties": {"osmid": 104025524}, "geometry": {"type": "Point", "coordinates": [-74.657897, 40.353018]}}, {"type": "Feature", "properties": {"osmid": 104025525}, "geometry": {"type": "Point", "coordinates": [-74.658385, 40.353775]}}, {"type": "Feature", "properties": {"osmid": 104025852}, "geometry": {"type": "Point", "coordinates": [-74.661004, 40.352567]}}, {"type": "Feature", "properties": {"osmid": 104025857}, "geometry": {"type": "Point", "coordinates": [-74.64598, 40.350255]}}, {"type": "Feature", "properties": {"osmid": 104025865}, "geometry": {"type": "Point", "coordinates": [-74.645022, 40.348976]}}, {"type": "Feature", "properties": {"osmid": 104027991}, "geometry": {"type": "Point", "coordinates": [-74.646697, 40.353623]}}, {"type": "Feature", "properties": {"osmid": 104027993}, "geometry": {"type": "Point", "coordinates": [-74.647038, 40.354276]}}, {"type": "Feature", "properties": {"osmid": 104029813}, "geometry": {"type": "Point", "coordinates": [-74.654067, 40.351376]}}, {"type": "Feature", "properties": {"osmid": 104029815}, "geometry": {"type": "Point", "coordinates": [-74.652833, 40.349095]}}, {"type": "Feature", "properties": {"osmid": 104033168}, "geometry": {"type": "Point", "coordinates": [-74.650206, 40.352542]}}, {"type": "Feature", "properties": {"osmid": 104033169}, "geometry": {"type": "Point", "coordinates": [-74.650991, 40.354894]}}, {"type": "Feature", "properties": {"osmid": 104036396}, "geometry": {"type": "Point", "coordinates": [-74.647252, 40.35607]}}, {"type": "Feature", "properties": {"osmid": 104036398}, "geometry": {"type": "Point", "coordinates": [-74.647653, 40.355905]}}, {"type": "Feature", "properties": {"osmid": 104040291}, "geometry": {"type": "Point", "coordinates": [-74.660419, 40.351189]}}, {"type": "Feature", "properties": {"osmid": 104041622}, "geometry": {"type": "Point", "coordinates": [-74.648184, 40.353166]}}, {"type": "Feature", "properties": {"osmid": 104041982}, "geometry": {"type": "Point", "coordinates": [-74.654363, 40.351284]}}, {"type": "Feature", "properties": {"osmid": 104041985}, "geometry": {"type": "Point", "coordinates": [-74.654863, 40.352193]}}, {"type": "Feature", "properties": {"osmid": 104041991}, "geometry": {"type": "Point", "coordinates": [-74.655175, 40.352748]}}, {"type": "Feature", "properties": {"osmid": 104041993}, "geometry": {"type": "Point", "coordinates": [-74.655347, 40.353054]}}, {"type": "Feature", "properties": {"osmid": 104042006}, "geometry": {"type": "Point", "coordinates": [-74.656792, 40.356315]}}, {"type": "Feature", "properties": {"osmid": 104044007}, "geometry": {"type": "Point", "coordinates": [-74.643207, 40.354799]}}, {"type": "Feature", "properties": {"osmid": 104047549}, "geometry": {"type": "Point", "coordinates": [-74.651597, 40.34875]}}, {"type": "Feature", "properties": {"osmid": 104049048}, "geometry": {"type": "Point", "coordinates": [-74.64587, 40.356656]}}, {"type": "Feature", "properties": {"osmid": 104049053}, "geometry": {"type": "Point", "coordinates": [-74.644951, 40.355472]}}, {"type": "Feature", "properties": {"osmid": 104052575}, "geometry": {"type": "Point", "coordinates": [-74.646747, 40.356383]}}, {"type": "Feature", "properties": {"osmid": 104054575}, "geometry": {"type": "Point", "coordinates": [-74.64132, 40.348475]}}, {"type": "Feature", "properties": {"osmid": 104057705}, "geometry": {"type": "Point", "coordinates": [-74.649754, 40.352679]}}, {"type": "Feature", "properties": {"osmid": 104057714}, "geometry": {"type": "Point", "coordinates": [-74.651092, 40.348977]}}, {"type": "Feature", "properties": {"osmid": 104058584}, "geometry": {"type": "Point", "coordinates": [-74.655627, 40.356588]}}, {"type": "Feature", "properties": {"osmid": 104059405}, "geometry": {"type": "Point", "coordinates": [-74.65881, 40.352675]}}, {"type": "Feature", "properties": {"osmid": 104059409}, "geometry": {"type": "Point", "coordinates": [-74.659713, 40.353921]}}, {"type": "Feature", "properties": {"osmid": 104060492}, "geometry": {"type": "Point", "coordinates": [-74.657655, 40.351356]}}, {"type": "Feature", "properties": {"osmid": 104060495}, "geometry": {"type": "Point", "coordinates": [-74.656475, 40.351721]}}, {"type": "Feature", "properties": {"osmid": 104060497}, "geometry": {"type": "Point", "coordinates": [-74.655908, 40.351886]}}, {"type": "Feature", "properties": {"osmid": 104061262}, "geometry": {"type": "Point", "coordinates": [-74.656214, 40.352444]}}, {"type": "Feature", "properties": {"osmid": 104062633}, "geometry": {"type": "Point", "coordinates": [-74.643035, 40.354879]}}, {"type": "Feature", "properties": {"osmid": 104062638}, "geometry": {"type": "Point", "coordinates": [-74.642553, 40.354246]}}, {"type": "Feature", "properties": {"osmid": 104062641}, "geometry": {"type": "Point", "coordinates": [-74.642097, 40.353646]}}, {"type": "Feature", "properties": {"osmid": 104063891}, "geometry": {"type": "Point", "coordinates": [-74.657275, 40.353245]}}, {"type": "Feature", "properties": {"osmid": 104067639}, "geometry": {"type": "Point", "coordinates": [-74.656631, 40.353496]}}, {"type": "Feature", "properties": {"osmid": 104068332}, "geometry": {"type": "Point", "coordinates": [-74.65252, 40.351849]}}, {"type": "Feature", "properties": {"osmid": 104068339}, "geometry": {"type": "Point", "coordinates": [-74.651127, 40.348877]}}, {"type": "Feature", "properties": {"osmid": 104069667}, "geometry": {"type": "Point", "coordinates": [-74.651722, 40.354689]}}, {"type": "Feature", "properties": {"osmid": 104069670}, "geometry": {"type": "Point", "coordinates": [-74.6501, 40.355161]}}, {"type": "Feature", "properties": {"osmid": 104069672}, "geometry": {"type": "Point", "coordinates": [-74.648788, 40.35556]}}, {"type": "Feature", "properties": {"osmid": 104071091}, "geometry": {"type": "Point", "coordinates": [-74.649313, 40.352817]}}, {"type": "Feature", "properties": {"osmid": 104071098}, "geometry": {"type": "Point", "coordinates": [-74.651449, 40.358663]}}, {"type": "Feature", "properties": {"osmid": 104073256}, "geometry": {"type": "Point", "coordinates": [-74.645534, 40.353957]}}, {"type": "Feature", "properties": {"osmid": 104073258}, "geometry": {"type": "Point", "coordinates": [-74.644932, 40.353206]}}, {"type": "Feature", "properties": {"osmid": 104073262}, "geometry": {"type": "Point", "coordinates": [-74.644443, 40.352606]}}, {"type": "Feature", "properties": {"osmid": 104073266}, "geometry": {"type": "Point", "coordinates": [-74.643252, 40.35101]}}, {"type": "Feature", "properties": {"osmid": 104074324}, "geometry": {"type": "Point", "coordinates": [-74.650907, 40.352333]}}, {"type": "Feature", "properties": {"osmid": 104075024}, "geometry": {"type": "Point", "coordinates": [-74.642544, 40.350082]}}, {"type": "Feature", "properties": {"osmid": 104082455}, "geometry": {"type": "Point", "coordinates": [-74.65901, 40.351221]}}, {"type": "Feature", "properties": {"osmid": 104082456}, "geometry": {"type": "Point", "coordinates": [-74.658867, 40.35088]}}, {"type": "Feature", "properties": {"osmid": 104082460}, "geometry": {"type": "Point", "coordinates": [-74.658498, 40.350014]}}, {"type": "Feature", "properties": {"osmid": 104083239}, "geometry": {"type": "Point", "coordinates": [-74.658752, 40.3513]}}, {"type": "Feature", "properties": {"osmid": 104083241}, "geometry": {"type": "Point", "coordinates": [-74.659334, 40.352467]}}, {"type": "Feature", "properties": {"osmid": 104087022}, "geometry": {"type": "Point", "coordinates": [-74.661132, 40.350987]}}, {"type": "Feature", "properties": {"osmid": 104088136}, "geometry": {"type": "Point", "coordinates": [-74.654173, 40.356931]}}, {"type": "Feature", "properties": {"osmid": 104092741}, "geometry": {"type": "Point", "coordinates": [-74.657775, 40.351582]}}, {"type": "Feature", "properties": {"osmid": 104092742}, "geometry": {"type": "Point", "coordinates": [-74.658405, 40.352822]}}, {"type": "Feature", "properties": {"osmid": 104094262}, "geometry": {"type": "Point", "coordinates": [-74.648638, 40.35797]}}, {"type": "Feature", "properties": {"osmid": 104108500}, "geometry": {"type": "Point", "coordinates": [-74.661096, 40.349303]}}, {"type": "Feature", "properties": {"osmid": 104108505}, "geometry": {"type": "Point", "coordinates": [-74.660814, 40.349381]}}, {"type": "Feature", "properties": {"osmid": 104109641}, "geometry": {"type": "Point", "coordinates": [-74.660086, 40.348149]}}, {"type": "Feature", "properties": {"osmid": 104109643}, "geometry": {"type": "Point", "coordinates": [-74.659566, 40.347655]}}, {"type": "Feature", "properties": {"osmid": 104109649}, "geometry": {"type": "Point", "coordinates": [-74.659017, 40.346943]}}, {"type": "Feature", "properties": {"osmid": 104109694}, "geometry": {"type": "Point", "coordinates": [-74.658639, 40.349975]}}, {"type": "Feature", "properties": {"osmid": 104112258}, "geometry": {"type": "Point", "coordinates": [-74.657115, 40.350392]}}, {"type": "Feature", "properties": {"osmid": 104112260}, "geometry": {"type": "Point", "coordinates": [-74.652882, 40.351739]}}, {"type": "Feature", "properties": {"osmid": 104115961}, "geometry": {"type": "Point", "coordinates": [-74.657773, 40.354]}}, {"type": "Feature", "properties": {"osmid": 104122581}, "geometry": {"type": "Point", "coordinates": [-74.654042, 40.353878]}}, {"type": "Feature", "properties": {"osmid": 104127612}, "geometry": {"type": "Point", "coordinates": [-74.660229, 40.35214]}}, {"type": "Feature", "properties": {"osmid": 207448274}, "geometry": {"type": "Point", "coordinates": [-74.640836, 40.348168]}}, {"type": "Feature", "properties": {"osmid": 207449836}, "geometry": {"type": "Point", "coordinates": [-74.640525, 40.348844]}}, {"type": "Feature", "properties": {"osmid": 299813413}, "geometry": {"type": "Point", "coordinates": [-74.656471, 40.347329]}}, {"type": "Feature", "properties": {"osmid": 299814301}, "geometry": {"type": "Point", "coordinates": [-74.649378, 40.34718]}}, {"type": "Feature", "properties": {"osmid": 299814646}, "geometry": {"type": "Point", "coordinates": [-74.651351, 40.34565]}}, {"type": "Feature", "properties": {"osmid": 299814647}, "geometry": {"type": "Point", "coordinates": [-74.651025, 40.345383]}}, {"type": "Feature", "properties": {"osmid": 299814651}, "geometry": {"type": "Point", "coordinates": [-74.65074, 40.344891]}}, {"type": "Feature", "properties": {"osmid": 299814695}, "geometry": {"type": "Point", "coordinates": [-74.651869, 40.34428]}}, {"type": "Feature", "properties": {"osmid": 299814960}, "geometry": {"type": "Point", "coordinates": [-74.650708, 40.34481]}}, {"type": "Feature", "properties": {"osmid": 299814964}, "geometry": {"type": "Point", "coordinates": [-74.649413, 40.343891]}}, {"type": "Feature", "properties": {"osmid": 299814965}, "geometry": {"type": "Point", "coordinates": [-74.649319, 40.34385]}}, {"type": "Feature", "properties": {"osmid": 299814969}, "geometry": {"type": "Point", "coordinates": [-74.652211, 40.344121]}}, {"type": "Feature", "properties": {"osmid": 299815001}, "geometry": {"type": "Point", "coordinates": [-74.649617, 40.346885]}}, {"type": "Feature", "properties": {"osmid": 299815006}, "geometry": {"type": "Point", "coordinates": [-74.651369, 40.345823]}}, {"type": "Feature", "properties": {"osmid": 299815197}, "geometry": {"type": "Point", "coordinates": [-74.654011, 40.346459]}}, {"type": "Feature", "properties": {"osmid": 299815370}, "geometry": {"type": "Point", "coordinates": [-74.655403, 40.346291]}}, {"type": "Feature", "properties": {"osmid": 299815538}, "geometry": {"type": "Point", "coordinates": [-74.653032, 40.344729]}}, {"type": "Feature", "properties": {"osmid": 300153341}, "geometry": {"type": "Point", "coordinates": [-74.659205, 40.347341]}}, {"type": "Feature", "properties": {"osmid": 300153348}, "geometry": {"type": "Point", "coordinates": [-74.658746, 40.346357]}}, {"type": "Feature", "properties": {"osmid": 300153466}, "geometry": {"type": "Point", "coordinates": [-74.654112, 40.346414]}}, {"type": "Feature", "properties": {"osmid": 300686906}, "geometry": {"type": "Point", "coordinates": [-74.656723, 40.346572]}}, {"type": "Feature", "properties": {"osmid": 494649828}, "geometry": {"type": "Point", "coordinates": [-74.655181, 40.349052]}}, {"type": "Feature", "properties": {"osmid": 494649844}, "geometry": {"type": "Point", "coordinates": [-74.655808, 40.349247]}}, {"type": "Feature", "properties": {"osmid": 494670658}, "geometry": {"type": "Point", "coordinates": [-74.660005, 40.346673]}}, {"type": "Feature", "properties": {"osmid": 495578237}, "geometry": {"type": "Point", "coordinates": [-74.659248, 40.347426]}}, {"type": "Feature", "properties": {"osmid": 495578238}, "geometry": {"type": "Point", "coordinates": [-74.657362, 40.347924]}}, {"type": "Feature", "properties": {"osmid": 495578239}, "geometry": {"type": "Point", "coordinates": [-74.655519, 40.348434]}}, {"type": "Feature", "properties": {"osmid": 495578267}, "geometry": {"type": "Point", "coordinates": [-74.655747, 40.347558]}}, {"type": "Feature", "properties": {"osmid": 608690323}, "geometry": {"type": "Point", "coordinates": [-74.660642, 40.349427]}}, {"type": "Feature", "properties": {"osmid": 945429203}, "geometry": {"type": "Point", "coordinates": [-74.660665, 40.34776]}}, {"type": "Feature", "properties": {"osmid": 1538460698}, "geometry": {"type": "Point", "coordinates": [-74.643871, 40.344831]}}, {"type": "Feature", "properties": {"osmid": 1538460789}, "geometry": {"type": "Point", "coordinates": [-74.64457, 40.345745]}}, {"type": "Feature", "properties": {"osmid": 1538482901}, "geometry": {"type": "Point", "coordinates": [-74.651328, 40.345619]}}, {"type": "Feature", "properties": {"osmid": 1538482990}, "geometry": {"type": "Point", "coordinates": [-74.651367, 40.34569]}}, {"type": "Feature", "properties": {"osmid": 1538483079}, "geometry": {"type": "Point", "coordinates": [-74.651943, 40.346117]}}, {"type": "Feature", "properties": {"osmid": 1538483082}, "geometry": {"type": "Point", "coordinates": [-74.651436, 40.345324]}}, {"type": "Feature", "properties": {"osmid": 1539745493}, "geometry": {"type": "Point", "coordinates": [-74.648317, 40.345558]}}, {"type": "Feature", "properties": {"osmid": 1539745497}, "geometry": {"type": "Point", "coordinates": [-74.648452, 40.345508]}}, {"type": "Feature", "properties": {"osmid": 1539762998}, "geometry": {"type": "Point", "coordinates": [-74.652254, 40.344114]}}, {"type": "Feature", "properties": {"osmid": 1539763045}, "geometry": {"type": "Point", "coordinates": [-74.652159, 40.344154]}}, {"type": "Feature", "properties": {"osmid": 1539768595}, "geometry": {"type": "Point", "coordinates": [-74.65402, 40.344292]}}, {"type": "Feature", "properties": {"osmid": 1539768601}, "geometry": {"type": "Point", "coordinates": [-74.652705, 40.343728]}}, {"type": "Feature", "properties": {"osmid": 1539768602}, "geometry": {"type": "Point", "coordinates": [-74.652846, 40.343991]}}, {"type": "Feature", "properties": {"osmid": 1539807967}, "geometry": {"type": "Point", "coordinates": [-74.656288, 40.347421]}}, {"type": "Feature", "properties": {"osmid": 1539807975}, "geometry": {"type": "Point", "coordinates": [-74.655396, 40.34767]}}, {"type": "Feature", "properties": {"osmid": 1539951797}, "geometry": {"type": "Point", "coordinates": [-74.656926, 40.344311]}}, {"type": "Feature", "properties": {"osmid": 1539951822}, "geometry": {"type": "Point", "coordinates": [-74.654719, 40.344055]}}, {"type": "Feature", "properties": {"osmid": 1539951963}, "geometry": {"type": "Point", "coordinates": [-74.656589, 40.343891]}}, {"type": "Feature", "properties": {"osmid": 1540034358}, "geometry": {"type": "Point", "coordinates": [-74.657656, 40.345101]}}, {"type": "Feature", "properties": {"osmid": 1544446683}, "geometry": {"type": "Point", "coordinates": [-74.655741, 40.348291]}}, {"type": "Feature", "properties": {"osmid": 1544537198}, "geometry": {"type": "Point", "coordinates": [-74.654359, 40.3499]}}, {"type": "Feature", "properties": {"osmid": 1544537207}, "geometry": {"type": "Point", "coordinates": [-74.654436, 40.350029]}}, {"type": "Feature", "properties": {"osmid": 1544591071}, "geometry": {"type": "Point", "coordinates": [-74.654607, 40.349024]}}, {"type": "Feature", "properties": {"osmid": 1544591079}, "geometry": {"type": "Point", "coordinates": [-74.654202, 40.349553]}}, {"type": "Feature", "properties": {"osmid": 1544591088}, "geometry": {"type": "Point", "coordinates": [-74.654052, 40.349306]}}, {"type": "Feature", "properties": {"osmid": 1544591110}, "geometry": {"type": "Point", "coordinates": [-74.653126, 40.349617]}}, {"type": "Feature", "properties": {"osmid": 1544591115}, "geometry": {"type": "Point", "coordinates": [-74.655457, 40.348465]}}, {"type": "Feature", "properties": {"osmid": 1544591137}, "geometry": {"type": "Point", "coordinates": [-74.652999, 40.349656]}}, {"type": "Feature", "properties": {"osmid": 1544597486}, "geometry": {"type": "Point", "coordinates": [-74.655362, 40.348514]}}, {"type": "Feature", "properties": {"osmid": 1544646683}, "geometry": {"type": "Point", "coordinates": [-74.65411, 40.348336]}}, {"type": "Feature", "properties": {"osmid": 1544646687}, "geometry": {"type": "Point", "coordinates": [-74.651164, 40.34896]}}, {"type": "Feature", "properties": {"osmid": 1544646693}, "geometry": {"type": "Point", "coordinates": [-74.654289, 40.348109]}}, {"type": "Feature", "properties": {"osmid": 1544658083}, "geometry": {"type": "Point", "coordinates": [-74.655039, 40.34827]}}, {"type": "Feature", "properties": {"osmid": 1544671509}, "geometry": {"type": "Point", "coordinates": [-74.6556, 40.348393]}}, {"type": "Feature", "properties": {"osmid": 1544986630}, "geometry": {"type": "Point", "coordinates": [-74.65136, 40.350243]}}, {"type": "Feature", "properties": {"osmid": 1545248961}, "geometry": {"type": "Point", "coordinates": [-74.64823, 40.349981]}}, {"type": "Feature", "properties": {"osmid": 1545248988}, "geometry": {"type": "Point", "coordinates": [-74.648123, 40.349785]}}, {"type": "Feature", "properties": {"osmid": 1545252060}, "geometry": {"type": "Point", "coordinates": [-74.649283, 40.349373]}}, {"type": "Feature", "properties": {"osmid": 1545269174}, "geometry": {"type": "Point", "coordinates": [-74.652127, 40.351018]}}, {"type": "Feature", "properties": {"osmid": 1546023983}, "geometry": {"type": "Point", "coordinates": [-74.657807, 40.348462]}}, {"type": "Feature", "properties": {"osmid": 1546023995}, "geometry": {"type": "Point", "coordinates": [-74.657923, 40.348771]}}, {"type": "Feature", "properties": {"osmid": 1546023997}, "geometry": {"type": "Point", "coordinates": [-74.657931, 40.348327]}}, {"type": "Feature", "properties": {"osmid": 1546024022}, "geometry": {"type": "Point", "coordinates": [-74.657762, 40.348332]}}, {"type": "Feature", "properties": {"osmid": 1546064100}, "geometry": {"type": "Point", "coordinates": [-74.659802, 40.347733]}}, {"type": "Feature", "properties": {"osmid": 1546064130}, "geometry": {"type": "Point", "coordinates": [-74.65798, 40.34776]}}, {"type": "Feature", "properties": {"osmid": 1546099230}, "geometry": {"type": "Point", "coordinates": [-74.660299, 40.349029]}}, {"type": "Feature", "properties": {"osmid": 1548271145}, "geometry": {"type": "Point", "coordinates": [-74.655561, 40.346527]}}, {"type": "Feature", "properties": {"osmid": 1612016295}, "geometry": {"type": "Point", "coordinates": [-74.655083, 40.349801]}}, {"type": "Feature", "properties": {"osmid": 1612274161}, "geometry": {"type": "Point", "coordinates": [-74.659744, 40.352318]}}, {"type": "Feature", "properties": {"osmid": 1778255387}, "geometry": {"type": "Point", "coordinates": [-74.645242, 40.35457]}}, {"type": "Feature", "properties": {"osmid": 1778255400}, "geometry": {"type": "Point", "coordinates": [-74.645427, 40.354762]}}, {"type": "Feature", "properties": {"osmid": 1778255414}, "geometry": {"type": "Point", "coordinates": [-74.64483, 40.354178]}}, {"type": "Feature", "properties": {"osmid": 1778379259}, "geometry": {"type": "Point", "coordinates": [-74.653868, 40.34627]}}, {"type": "Feature", "properties": {"osmid": 1837120212}, "geometry": {"type": "Point", "coordinates": [-74.652258, 40.346021]}}, {"type": "Feature", "properties": {"osmid": 2093001704}, "geometry": {"type": "Point", "coordinates": [-74.645983, 40.354797]}}, {"type": "Feature", "properties": {"osmid": 2093001705}, "geometry": {"type": "Point", "coordinates": [-74.646149, 40.354715]}}, {"type": "Feature", "properties": {"osmid": 2111677254}, "geometry": {"type": "Point", "coordinates": [-74.6603, 40.347134]}}, {"type": "Feature", "properties": {"osmid": 2111677262}, "geometry": {"type": "Point", "coordinates": [-74.660973, 40.348363]}}, {"type": "Feature", "properties": {"osmid": 2111677264}, "geometry": {"type": "Point", "coordinates": [-74.659679, 40.347306]}}, {"type": "Feature", "properties": {"osmid": 2111678790}, "geometry": {"type": "Point", "coordinates": [-74.65935, 40.347403]}}, {"type": "Feature", "properties": {"osmid": 2111678792}, "geometry": {"type": "Point", "coordinates": [-74.659589, 40.347502]}}, {"type": "Feature", "properties": {"osmid": 2111678793}, "geometry": {"type": "Point", "coordinates": [-74.6599, 40.347621]}}, {"type": "Feature", "properties": {"osmid": 2111679057}, "geometry": {"type": "Point", "coordinates": [-74.659863, 40.346955]}}, {"type": "Feature", "properties": {"osmid": 2111679059}, "geometry": {"type": "Point", "coordinates": [-74.659747, 40.347289]}}, {"type": "Feature", "properties": {"osmid": 2111679060}, "geometry": {"type": "Point", "coordinates": [-74.658877, 40.346483]}}, {"type": "Feature", "properties": {"osmid": 2111679062}, "geometry": {"type": "Point", "coordinates": [-74.659515, 40.346811]}}, {"type": "Feature", "properties": {"osmid": 2111679063}, "geometry": {"type": "Point", "coordinates": [-74.659145, 40.346629]}}, {"type": "Feature", "properties": {"osmid": 2111679162}, "geometry": {"type": "Point", "coordinates": [-74.659316, 40.346153]}}, {"type": "Feature", "properties": {"osmid": 2111679163}, "geometry": {"type": "Point", "coordinates": [-74.659252, 40.346365]}}, {"type": "Feature", "properties": {"osmid": 2111679164}, "geometry": {"type": "Point", "coordinates": [-74.659055, 40.346874]}}, {"type": "Feature", "properties": {"osmid": 2115083973}, "geometry": {"type": "Point", "coordinates": [-74.656435, 40.346203]}}, {"type": "Feature", "properties": {"osmid": 2115083975}, "geometry": {"type": "Point", "coordinates": [-74.656029, 40.346053]}}, {"type": "Feature", "properties": {"osmid": 2115083978}, "geometry": {"type": "Point", "coordinates": [-74.65578, 40.346115]}}, {"type": "Feature", "properties": {"osmid": 2115083986}, "geometry": {"type": "Point", "coordinates": [-74.65815, 40.348193]}}, {"type": "Feature", "properties": {"osmid": 2115083991}, "geometry": {"type": "Point", "coordinates": [-74.65899, 40.347007]}}, {"type": "Feature", "properties": {"osmid": 2115083993}, "geometry": {"type": "Point", "coordinates": [-74.658857, 40.347167]}}, {"type": "Feature", "properties": {"osmid": 2115087315}, "geometry": {"type": "Point", "coordinates": [-74.657809, 40.345452]}}, {"type": "Feature", "properties": {"osmid": 2115087317}, "geometry": {"type": "Point", "coordinates": [-74.65879, 40.347543]}}, {"type": "Feature", "properties": {"osmid": 2115087318}, "geometry": {"type": "Point", "coordinates": [-74.658055, 40.346003]}}, {"type": "Feature", "properties": {"osmid": 2115087320}, "geometry": {"type": "Point", "coordinates": [-74.658573, 40.347031]}}, {"type": "Feature", "properties": {"osmid": 2115087321}, "geometry": {"type": "Point", "coordinates": [-74.658367, 40.346466]}}, {"type": "Feature", "properties": {"osmid": 2115087324}, "geometry": {"type": "Point", "coordinates": [-74.658986, 40.34796]}}, {"type": "Feature", "properties": {"osmid": 2115087326}, "geometry": {"type": "Point", "coordinates": [-74.657599, 40.345167]}}, {"type": "Feature", "properties": {"osmid": 2115087328}, "geometry": {"type": "Point", "coordinates": [-74.658707, 40.347355]}}, {"type": "Feature", "properties": {"osmid": 2115088285}, "geometry": {"type": "Point", "coordinates": [-74.654971, 40.347298]}}, {"type": "Feature", "properties": {"osmid": 2115088291}, "geometry": {"type": "Point", "coordinates": [-74.656038, 40.348233]}}, {"type": "Feature", "properties": {"osmid": 2115088294}, "geometry": {"type": "Point", "coordinates": [-74.655138, 40.347779]}}, {"type": "Feature", "properties": {"osmid": 2115088296}, "geometry": {"type": "Point", "coordinates": [-74.655413, 40.347087]}}, {"type": "Feature", "properties": {"osmid": 2115088302}, "geometry": {"type": "Point", "coordinates": [-74.655768, 40.346906]}}, {"type": "Feature", "properties": {"osmid": 2115088308}, "geometry": {"type": "Point", "coordinates": [-74.655924, 40.346968]}}, {"type": "Feature", "properties": {"osmid": 2115088314}, "geometry": {"type": "Point", "coordinates": [-74.65507, 40.347236]}}, {"type": "Feature", "properties": {"osmid": 2115088317}, "geometry": {"type": "Point", "coordinates": [-74.655587, 40.347334]}}, {"type": "Feature", "properties": {"osmid": 2115088318}, "geometry": {"type": "Point", "coordinates": [-74.656575, 40.346814]}}, {"type": "Feature", "properties": {"osmid": 2115088532}, "geometry": {"type": "Point", "coordinates": [-74.655899, 40.346797]}}, {"type": "Feature", "properties": {"osmid": 2115088536}, "geometry": {"type": "Point", "coordinates": [-74.656148, 40.346505]}}, {"type": "Feature", "properties": {"osmid": 2115090983}, "geometry": {"type": "Point", "coordinates": [-74.658952, 40.348956]}}, {"type": "Feature", "properties": {"osmid": 2115090987}, "geometry": {"type": "Point", "coordinates": [-74.659542, 40.3492]}}, {"type": "Feature", "properties": {"osmid": 2115090988}, "geometry": {"type": "Point", "coordinates": [-74.658769, 40.348547]}}, {"type": "Feature", "properties": {"osmid": 2115090989}, "geometry": {"type": "Point", "coordinates": [-74.6594, 40.347851]}}, {"type": "Feature", "properties": {"osmid": 2115090991}, "geometry": {"type": "Point", "coordinates": [-74.659814, 40.348718]}}, {"type": "Feature", "properties": {"osmid": 2115090993}, "geometry": {"type": "Point", "coordinates": [-74.659763, 40.348605]}}, {"type": "Feature", "properties": {"osmid": 2115090994}, "geometry": {"type": "Point", "coordinates": [-74.659644, 40.348347]}}, {"type": "Feature", "properties": {"osmid": 2115091339}, "geometry": {"type": "Point", "coordinates": [-74.659923, 40.348445]}}, {"type": "Feature", "properties": {"osmid": 2115091340}, "geometry": {"type": "Point", "coordinates": [-74.658568, 40.348082]}}, {"type": "Feature", "properties": {"osmid": 2115091341}, "geometry": {"type": "Point", "coordinates": [-74.660181, 40.348527]}}, {"type": "Feature", "properties": {"osmid": 2115091342}, "geometry": {"type": "Point", "coordinates": [-74.660129, 40.348509]}}, {"type": "Feature", "properties": {"osmid": 2115091379}, "geometry": {"type": "Point", "coordinates": [-74.660019, 40.34817]}}, {"type": "Feature", "properties": {"osmid": 2115092032}, "geometry": {"type": "Point", "coordinates": [-74.657905, 40.348737]}}, {"type": "Feature", "properties": {"osmid": 2124679066}, "geometry": {"type": "Point", "coordinates": [-74.660154, 40.349406]}}, {"type": "Feature", "properties": {"osmid": 2124679445}, "geometry": {"type": "Point", "coordinates": [-74.658912, 40.349773]}}, {"type": "Feature", "properties": {"osmid": 2202653258}, "geometry": {"type": "Point", "coordinates": [-74.656031, 40.344335]}}, {"type": "Feature", "properties": {"osmid": 2202654309}, "geometry": {"type": "Point", "coordinates": [-74.656374, 40.344184]}}, {"type": "Feature", "properties": {"osmid": 2202654310}, "geometry": {"type": "Point", "coordinates": [-74.656584, 40.344484]}}, {"type": "Feature", "properties": {"osmid": 2202654959}, "geometry": {"type": "Point", "coordinates": [-74.656683, 40.345894]}}, {"type": "Feature", "properties": {"osmid": 2202655459}, "geometry": {"type": "Point", "coordinates": [-74.657118, 40.34427]}}, {"type": "Feature", "properties": {"osmid": 2202655612}, "geometry": {"type": "Point", "coordinates": [-74.656218, 40.343967]}}, {"type": "Feature", "properties": {"osmid": 2202656007}, "geometry": {"type": "Point", "coordinates": [-74.656132, 40.344129]}}, {"type": "Feature", "properties": {"osmid": 2202656032}, "geometry": {"type": "Point", "coordinates": [-74.655448, 40.343967]}}, {"type": "Feature", "properties": {"osmid": 2202656034}, "geometry": {"type": "Point", "coordinates": [-74.655302, 40.344826]}}, {"type": "Feature", "properties": {"osmid": 2202656035}, "geometry": {"type": "Point", "coordinates": [-74.654919, 40.344329]}}, {"type": "Feature", "properties": {"osmid": 2202656097}, "geometry": {"type": "Point", "coordinates": [-74.655865, 40.344065]}}, {"type": "Feature", "properties": {"osmid": 2202656676}, "geometry": {"type": "Point", "coordinates": [-74.652307, 40.357356]}}, {"type": "Feature", "properties": {"osmid": 2202656677}, "geometry": {"type": "Point", "coordinates": [-74.652462, 40.357782]}}, {"type": "Feature", "properties": {"osmid": 2202656690}, "geometry": {"type": "Point", "coordinates": [-74.653015, 40.35616]}}, {"type": "Feature", "properties": {"osmid": 2366181619}, "geometry": {"type": "Point", "coordinates": [-74.645814, 40.354311]}}, {"type": "Feature", "properties": {"osmid": 2366181622}, "geometry": {"type": "Point", "coordinates": [-74.645996, 40.354531]}}, {"type": "Feature", "properties": {"osmid": 2702954460}, "geometry": {"type": "Point", "coordinates": [-74.659633, 40.348323]}}, {"type": "Feature", "properties": {"osmid": 2878783293}, "geometry": {"type": "Point", "coordinates": [-74.646801, 40.34361]}}, {"type": "Feature", "properties": {"osmid": 2878785029}, "geometry": {"type": "Point", "coordinates": [-74.643986, 40.344483]}}, {"type": "Feature", "properties": {"osmid": 2878785049}, "geometry": {"type": "Point", "coordinates": [-74.643927, 40.344672]}}, {"type": "Feature", "properties": {"osmid": 2878785054}, "geometry": {"type": "Point", "coordinates": [-74.644002, 40.344779]}}, {"type": "Feature", "properties": {"osmid": 2902844444}, "geometry": {"type": "Point", "coordinates": [-74.652037, 40.344103]}}, {"type": "Feature", "properties": {"osmid": 2902844445}, "geometry": {"type": "Point", "coordinates": [-74.652175, 40.344289]}}, {"type": "Feature", "properties": {"osmid": 2902852149}, "geometry": {"type": "Point", "coordinates": [-74.65209, 40.344174]}}, {"type": "Feature", "properties": {"osmid": 2902852150}, "geometry": {"type": "Point", "coordinates": [-74.652304, 40.344427]}}, {"type": "Feature", "properties": {"osmid": 2902852153}, "geometry": {"type": "Point", "coordinates": [-74.652047, 40.344281]}}, {"type": "Feature", "properties": {"osmid": 2902852155}, "geometry": {"type": "Point", "coordinates": [-74.651258, 40.344554]}}, {"type": "Feature", "properties": {"osmid": 2914522805}, "geometry": {"type": "Point", "coordinates": [-74.647482, 40.343257]}}, {"type": "Feature", "properties": {"osmid": 2914522806}, "geometry": {"type": "Point", "coordinates": [-74.647552, 40.343328]}}, {"type": "Feature", "properties": {"osmid": 2914522809}, "geometry": {"type": "Point", "coordinates": [-74.648092, 40.343773]}}, {"type": "Feature", "properties": {"osmid": 2914537512}, "geometry": {"type": "Point", "coordinates": [-74.65183, 40.34272]}}, {"type": "Feature", "properties": {"osmid": 2914537516}, "geometry": {"type": "Point", "coordinates": [-74.65162, 40.343014]}}, {"type": "Feature", "properties": {"osmid": 2914543021}, "geometry": {"type": "Point", "coordinates": [-74.644026, 40.35193]}}, {"type": "Feature", "properties": {"osmid": 2934334779}, "geometry": {"type": "Point", "coordinates": [-74.653055, 40.34337]}}, {"type": "Feature", "properties": {"osmid": 2934334782}, "geometry": {"type": "Point", "coordinates": [-74.651118, 40.344877]}}, {"type": "Feature", "properties": {"osmid": 2934334783}, "geometry": {"type": "Point", "coordinates": [-74.651086, 40.345049]}}, {"type": "Feature", "properties": {"osmid": 3010343673}, "geometry": {"type": "Point", "coordinates": [-74.653036, 40.349645]}}, {"type": "Feature", "properties": {"osmid": 3010343675}, "geometry": {"type": "Point", "coordinates": [-74.652283, 40.349854]}}, {"type": "Feature", "properties": {"osmid": 3010343679}, "geometry": {"type": "Point", "coordinates": [-74.653323, 40.349979]}}, {"type": "Feature", "properties": {"osmid": 3010343680}, "geometry": {"type": "Point", "coordinates": [-74.652348, 40.349986]}}, {"type": "Feature", "properties": {"osmid": 3010343682}, "geometry": {"type": "Point", "coordinates": [-74.652442, 40.350179]}}, {"type": "Feature", "properties": {"osmid": 3018543885}, "geometry": {"type": "Point", "coordinates": [-74.6563, 40.347318]}}, {"type": "Feature", "properties": {"osmid": 3018543894}, "geometry": {"type": "Point", "coordinates": [-74.656485, 40.347354]}}, {"type": "Feature", "properties": {"osmid": 3018550467}, "geometry": {"type": "Point", "coordinates": [-74.657207, 40.347598]}}, {"type": "Feature", "properties": {"osmid": 3018550468}, "geometry": {"type": "Point", "coordinates": [-74.656959, 40.347251]}}, {"type": "Feature", "properties": {"osmid": 3018872108}, "geometry": {"type": "Point", "coordinates": [-74.656864, 40.345708]}}, {"type": "Feature", "properties": {"osmid": 3018890029}, "geometry": {"type": "Point", "coordinates": [-74.657459, 40.344859]}}, {"type": "Feature", "properties": {"osmid": 3018894389}, "geometry": {"type": "Point", "coordinates": [-74.656559, 40.346763]}}, {"type": "Feature", "properties": {"osmid": 3018894390}, "geometry": {"type": "Point", "coordinates": [-74.656296, 40.346653]}}, {"type": "Feature", "properties": {"osmid": 3018894393}, "geometry": {"type": "Point", "coordinates": [-74.65689, 40.346415]}}, {"type": "Feature", "properties": {"osmid": 3018894396}, "geometry": {"type": "Point", "coordinates": [-74.658117, 40.346059]}}, {"type": "Feature", "properties": {"osmid": 3018894397}, "geometry": {"type": "Point", "coordinates": [-74.657437, 40.345681]}}, {"type": "Feature", "properties": {"osmid": 3018894398}, "geometry": {"type": "Point", "coordinates": [-74.657398, 40.345586]}}, {"type": "Feature", "properties": {"osmid": 3018905433}, "geometry": {"type": "Point", "coordinates": [-74.654208, 40.346537]}}, {"type": "Feature", "properties": {"osmid": 3018905437}, "geometry": {"type": "Point", "coordinates": [-74.653169, 40.345559]}}, {"type": "Feature", "properties": {"osmid": 3018905438}, "geometry": {"type": "Point", "coordinates": [-74.652889, 40.345494]}}, {"type": "Feature", "properties": {"osmid": 3018905445}, "geometry": {"type": "Point", "coordinates": [-74.647831, 40.344263]}}, {"type": "Feature", "properties": {"osmid": 3019037885}, "geometry": {"type": "Point", "coordinates": [-74.655895, 40.347869]}}, {"type": "Feature", "properties": {"osmid": 3019037886}, "geometry": {"type": "Point", "coordinates": [-74.655364, 40.347621]}}, {"type": "Feature", "properties": {"osmid": 3025033334}, "geometry": {"type": "Point", "coordinates": [-74.657749, 40.345355]}}, {"type": "Feature", "properties": {"osmid": 3025033349}, "geometry": {"type": "Point", "coordinates": [-74.657703, 40.345023]}}, {"type": "Feature", "properties": {"osmid": 3025033350}, "geometry": {"type": "Point", "coordinates": [-74.657622, 40.345015]}}, {"type": "Feature", "properties": {"osmid": 3025033375}, "geometry": {"type": "Point", "coordinates": [-74.656915, 40.34582]}}, {"type": "Feature", "properties": {"osmid": 3025033376}, "geometry": {"type": "Point", "coordinates": [-74.656831, 40.345611]}}, {"type": "Feature", "properties": {"osmid": 3029784126}, "geometry": {"type": "Point", "coordinates": [-74.650975, 40.346637]}}, {"type": "Feature", "properties": {"osmid": 3059696415}, "geometry": {"type": "Point", "coordinates": [-74.653296, 40.345375]}}, {"type": "Feature", "properties": {"osmid": 3059696416}, "geometry": {"type": "Point", "coordinates": [-74.653078, 40.345438]}}, {"type": "Feature", "properties": {"osmid": 3066996885}, "geometry": {"type": "Point", "coordinates": [-74.649883, 40.349211]}}, {"type": "Feature", "properties": {"osmid": 3447413067}, "geometry": {"type": "Point", "coordinates": [-74.657739, 40.348395]}}, {"type": "Feature", "properties": {"osmid": 3447413069}, "geometry": {"type": "Point", "coordinates": [-74.657267, 40.348547]}}, {"type": "Feature", "properties": {"osmid": 3447413070}, "geometry": {"type": "Point", "coordinates": [-74.657007, 40.348402]}}, {"type": "Feature", "properties": {"osmid": 3447413072}, "geometry": {"type": "Point", "coordinates": [-74.656538, 40.348803]}}, {"type": "Feature", "properties": {"osmid": 3447413592}, "geometry": {"type": "Point", "coordinates": [-74.657879, 40.348684]}}, {"type": "Feature", "properties": {"osmid": 3447413694}, "geometry": {"type": "Point", "coordinates": [-74.65643, 40.348458]}}, {"type": "Feature", "properties": {"osmid": 3575734745}, "geometry": {"type": "Point", "coordinates": [-74.655596, 40.35089]}}, {"type": "Feature", "properties": {"osmid": 3575735067}, "geometry": {"type": "Point", "coordinates": [-74.654479, 40.357676]}}, {"type": "Feature", "properties": {"osmid": 3575735696}, "geometry": {"type": "Point", "coordinates": [-74.647873, 40.355836]}}, {"type": "Feature", "properties": {"osmid": 3627518676}, "geometry": {"type": "Point", "coordinates": [-74.65224, 40.358406]}}, {"type": "Feature", "properties": {"osmid": 3627518679}, "geometry": {"type": "Point", "coordinates": [-74.652978, 40.358222]}}, {"type": "Feature", "properties": {"osmid": 3627518680}, "geometry": {"type": "Point", "coordinates": [-74.652196, 40.358304]}}, {"type": "Feature", "properties": {"osmid": 3629249219}, "geometry": {"type": "Point", "coordinates": [-74.659617, 40.348292]}}, {"type": "Feature", "properties": {"osmid": 3629249220}, "geometry": {"type": "Point", "coordinates": [-74.65987, 40.348578]}}, {"type": "Feature", "properties": {"osmid": 3697669146}, "geometry": {"type": "Point", "coordinates": [-74.653152, 40.356127]}}, {"type": "Feature", "properties": {"osmid": 3697669147}, "geometry": {"type": "Point", "coordinates": [-74.651789, 40.356271]}}, {"type": "Feature", "properties": {"osmid": 3697669149}, "geometry": {"type": "Point", "coordinates": [-74.652618, 40.356414]}}, {"type": "Feature", "properties": {"osmid": 3697669152}, "geometry": {"type": "Point", "coordinates": [-74.653301, 40.35645]}}, {"type": "Feature", "properties": {"osmid": 3697669156}, "geometry": {"type": "Point", "coordinates": [-74.652784, 40.356579]}}, {"type": "Feature", "properties": {"osmid": 3697669158}, "geometry": {"type": "Point", "coordinates": [-74.653434, 40.356767]}}, {"type": "Feature", "properties": {"osmid": 3697669159}, "geometry": {"type": "Point", "coordinates": [-74.652218, 40.356898]}}, {"type": "Feature", "properties": {"osmid": 3697669160}, "geometry": {"type": "Point", "coordinates": [-74.653565, 40.35702]}}, {"type": "Feature", "properties": {"osmid": 3697669164}, "geometry": {"type": "Point", "coordinates": [-74.652915, 40.356892]}}, {"type": "Feature", "properties": {"osmid": 3697669165}, "geometry": {"type": "Point", "coordinates": [-74.652451, 40.357045]}}, {"type": "Feature", "properties": {"osmid": 3697669166}, "geometry": {"type": "Point", "coordinates": [-74.653026, 40.357145]}}, {"type": "Feature", "properties": {"osmid": 3697669169}, "geometry": {"type": "Point", "coordinates": [-74.652465, 40.357073]}}, {"type": "Feature", "properties": {"osmid": 3697669170}, "geometry": {"type": "Point", "coordinates": [-74.653583, 40.357064]}}, {"type": "Feature", "properties": {"osmid": 3697669174}, "geometry": {"type": "Point", "coordinates": [-74.653605, 40.357158]}}, {"type": "Feature", "properties": {"osmid": 3697669176}, "geometry": {"type": "Point", "coordinates": [-74.653049, 40.357188]}}, {"type": "Feature", "properties": {"osmid": 3697669177}, "geometry": {"type": "Point", "coordinates": [-74.653137, 40.357241]}}, {"type": "Feature", "properties": {"osmid": 3697669179}, "geometry": {"type": "Point", "coordinates": [-74.653209, 40.357253]}}, {"type": "Feature", "properties": {"osmid": 3697669181}, "geometry": {"type": "Point", "coordinates": [-74.653859, 40.357284]}}, {"type": "Feature", "properties": {"osmid": 3697669186}, "geometry": {"type": "Point", "coordinates": [-74.65307, 40.357227]}}, {"type": "Feature", "properties": {"osmid": 3697669188}, "geometry": {"type": "Point", "coordinates": [-74.652428, 40.35738]}}, {"type": "Feature", "properties": {"osmid": 3697669189}, "geometry": {"type": "Point", "coordinates": [-74.65267, 40.357638]}}, {"type": "Feature", "properties": {"osmid": 3697669190}, "geometry": {"type": "Point", "coordinates": [-74.652543, 40.357672]}}, {"type": "Feature", "properties": {"osmid": 3697669194}, "geometry": {"type": "Point", "coordinates": [-74.652608, 40.357818]}}, {"type": "Feature", "properties": {"osmid": 3697669195}, "geometry": {"type": "Point", "coordinates": [-74.653881, 40.357816]}}, {"type": "Feature", "properties": {"osmid": 3697669198}, "geometry": {"type": "Point", "coordinates": [-74.652935, 40.357881]}}, {"type": "Feature", "properties": {"osmid": 3697669199}, "geometry": {"type": "Point", "coordinates": [-74.653161, 40.357892]}}, {"type": "Feature", "properties": {"osmid": 3697669200}, "geometry": {"type": "Point", "coordinates": [-74.653489, 40.357908]}}, {"type": "Feature", "properties": {"osmid": 3697669201}, "geometry": {"type": "Point", "coordinates": [-74.653576, 40.358124]}}, {"type": "Feature", "properties": {"osmid": 3697669202}, "geometry": {"type": "Point", "coordinates": [-74.653164, 40.358184]}}, {"type": "Feature", "properties": {"osmid": 3697669203}, "geometry": {"type": "Point", "coordinates": [-74.653033, 40.358214]}}, {"type": "Feature", "properties": {"osmid": 3697669208}, "geometry": {"type": "Point", "coordinates": [-74.651486, 40.35859]}}, {"type": "Feature", "properties": {"osmid": 3697669209}, "geometry": {"type": "Point", "coordinates": [-74.651424, 40.358606]}}, {"type": "Feature", "properties": {"osmid": 3790904454}, "geometry": {"type": "Point", "coordinates": [-74.657729, 40.345085]}}, {"type": "Feature", "properties": {"osmid": 3833018863}, "geometry": {"type": "Point", "coordinates": [-74.654052, 40.34517]}}, {"type": "Feature", "properties": {"osmid": 3833018864}, "geometry": {"type": "Point", "coordinates": [-74.65416, 40.3452]}}, {"type": "Feature", "properties": {"osmid": 3833020333}, "geometry": {"type": "Point", "coordinates": [-74.654635, 40.345011]}}, {"type": "Feature", "properties": {"osmid": 3833047371}, "geometry": {"type": "Point", "coordinates": [-74.660659, 40.348166]}}, {"type": "Feature", "properties": {"osmid": 3833047372}, "geometry": {"type": "Point", "coordinates": [-74.660767, 40.347952]}}, {"type": "Feature", "properties": {"osmid": 3833047373}, "geometry": {"type": "Point", "coordinates": [-74.660378, 40.348252]}}, {"type": "Feature", "properties": {"osmid": 3833047374}, "geometry": {"type": "Point", "coordinates": [-74.660119, 40.34814]}}, {"type": "Feature", "properties": {"osmid": 3833682427}, "geometry": {"type": "Point", "coordinates": [-74.660546, 40.347527]}}, {"type": "Feature", "properties": {"osmid": 3833682428}, "geometry": {"type": "Point", "coordinates": [-74.660486, 40.347409]}}, {"type": "Feature", "properties": {"osmid": 3833688972}, "geometry": {"type": "Point", "coordinates": [-74.660282, 40.348557]}}, {"type": "Feature", "properties": {"osmid": 3833690062}, "geometry": {"type": "Point", "coordinates": [-74.66098, 40.348647]}}, {"type": "Feature", "properties": {"osmid": 3833690063}, "geometry": {"type": "Point", "coordinates": [-74.660994, 40.348675]}}, {"type": "Feature", "properties": {"osmid": 3833693005}, "geometry": {"type": "Point", "coordinates": [-74.660291, 40.348588]}}, {"type": "Feature", "properties": {"osmid": 3833696009}, "geometry": {"type": "Point", "coordinates": [-74.660732, 40.348543]}}, {"type": "Feature", "properties": {"osmid": 3833696163}, "geometry": {"type": "Point", "coordinates": [-74.657401, 40.348942]}}, {"type": "Feature", "properties": {"osmid": 3833696172}, "geometry": {"type": "Point", "coordinates": [-74.657564, 40.34864]}}, {"type": "Feature", "properties": {"osmid": 3833696174}, "geometry": {"type": "Point", "coordinates": [-74.658076, 40.34902]}}, {"type": "Feature", "properties": {"osmid": 3833696176}, "geometry": {"type": "Point", "coordinates": [-74.658168, 40.349168]}}, {"type": "Feature", "properties": {"osmid": 3833696177}, "geometry": {"type": "Point", "coordinates": [-74.657612, 40.348869]}}, {"type": "Feature", "properties": {"osmid": 3833696178}, "geometry": {"type": "Point", "coordinates": [-74.656389, 40.348852]}}, {"type": "Feature", "properties": {"osmid": 3833696179}, "geometry": {"type": "Point", "coordinates": [-74.656151, 40.348516]}}, {"type": "Feature", "properties": {"osmid": 3833696180}, "geometry": {"type": "Point", "coordinates": [-74.657197, 40.348284]}}, {"type": "Feature", "properties": {"osmid": 3833696182}, "geometry": {"type": "Point", "coordinates": [-74.657252, 40.34809]}}, {"type": "Feature", "properties": {"osmid": 3833696183}, "geometry": {"type": "Point", "coordinates": [-74.65706, 40.348001]}}, {"type": "Feature", "properties": {"osmid": 3833696188}, "geometry": {"type": "Point", "coordinates": [-74.659484, 40.3472]}}, {"type": "Feature", "properties": {"osmid": 3833696189}, "geometry": {"type": "Point", "coordinates": [-74.659526, 40.346836]}}, {"type": "Feature", "properties": {"osmid": 3833696190}, "geometry": {"type": "Point", "coordinates": [-74.65931, 40.346892]}}, {"type": "Feature", "properties": {"osmid": 3833707914}, "geometry": {"type": "Point", "coordinates": [-74.653519, 40.346007]}}, {"type": "Feature", "properties": {"osmid": 3833707917}, "geometry": {"type": "Point", "coordinates": [-74.652921, 40.345854]}}, {"type": "Feature", "properties": {"osmid": 3833707918}, "geometry": {"type": "Point", "coordinates": [-74.652691, 40.345878]}}, {"type": "Feature", "properties": {"osmid": 3833707919}, "geometry": {"type": "Point", "coordinates": [-74.652537, 40.34558]}}, {"type": "Feature", "properties": {"osmid": 3833709720}, "geometry": {"type": "Point", "coordinates": [-74.656472, 40.34451]}}, {"type": "Feature", "properties": {"osmid": 3833713750}, "geometry": {"type": "Point", "coordinates": [-74.655734, 40.348095]}}, {"type": "Feature", "properties": {"osmid": 3833713751}, "geometry": {"type": "Point", "coordinates": [-74.655844, 40.348276]}}, {"type": "Feature", "properties": {"osmid": 3833713752}, "geometry": {"type": "Point", "coordinates": [-74.655191, 40.344858]}}, {"type": "Feature", "properties": {"osmid": 3833713755}, "geometry": {"type": "Point", "coordinates": [-74.654875, 40.345397]}}, {"type": "Feature", "properties": {"osmid": 3833714261}, "geometry": {"type": "Point", "coordinates": [-74.655967, 40.344644]}}, {"type": "Feature", "properties": {"osmid": 3833714262}, "geometry": {"type": "Point", "coordinates": [-74.655807, 40.344431]}}, {"type": "Feature", "properties": {"osmid": 3833714263}, "geometry": {"type": "Point", "coordinates": [-74.655908, 40.344388]}}, {"type": "Feature", "properties": {"osmid": 3833714264}, "geometry": {"type": "Point", "coordinates": [-74.656033, 40.343681]}}, {"type": "Feature", "properties": {"osmid": 3833714265}, "geometry": {"type": "Point", "coordinates": [-74.655229, 40.343762]}}, {"type": "Feature", "properties": {"osmid": 3833714267}, "geometry": {"type": "Point", "coordinates": [-74.654948, 40.344578]}}, {"type": "Feature", "properties": {"osmid": 3833714268}, "geometry": {"type": "Point", "coordinates": [-74.654533, 40.344437]}}, {"type": "Feature", "properties": {"osmid": 3833714269}, "geometry": {"type": "Point", "coordinates": [-74.654785, 40.344367]}}, {"type": "Feature", "properties": {"osmid": 3833714270}, "geometry": {"type": "Point", "coordinates": [-74.654761, 40.344513]}}, {"type": "Feature", "properties": {"osmid": 3833714272}, "geometry": {"type": "Point", "coordinates": [-74.655076, 40.344521]}}, {"type": "Feature", "properties": {"osmid": 3833715550}, "geometry": {"type": "Point", "coordinates": [-74.654051, 40.349082]}}, {"type": "Feature", "properties": {"osmid": 3833715551}, "geometry": {"type": "Point", "coordinates": [-74.645937, 40.350198]}}, {"type": "Feature", "properties": {"osmid": 3833715553}, "geometry": {"type": "Point", "coordinates": [-74.649418, 40.349243]}}, {"type": "Feature", "properties": {"osmid": 3833715556}, "geometry": {"type": "Point", "coordinates": [-74.65386, 40.348023]}}, {"type": "Feature", "properties": {"osmid": 3833715857}, "geometry": {"type": "Point", "coordinates": [-74.653946, 40.348197]}}, {"type": "Feature", "properties": {"osmid": 3833715858}, "geometry": {"type": "Point", "coordinates": [-74.652181, 40.348593]}}, {"type": "Feature", "properties": {"osmid": 3833715860}, "geometry": {"type": "Point", "coordinates": [-74.651908, 40.347995]}}, {"type": "Feature", "properties": {"osmid": 3833715907}, "geometry": {"type": "Point", "coordinates": [-74.653211, 40.348205]}}, {"type": "Feature", "properties": {"osmid": 3833715908}, "geometry": {"type": "Point", "coordinates": [-74.653257, 40.348301]}}, {"type": "Feature", "properties": {"osmid": 3833718051}, "geometry": {"type": "Point", "coordinates": [-74.656622, 40.349212]}}, {"type": "Feature", "properties": {"osmid": 3833718053}, "geometry": {"type": "Point", "coordinates": [-74.65905, 40.349186]}}, {"type": "Feature", "properties": {"osmid": 3833718054}, "geometry": {"type": "Point", "coordinates": [-74.6583, 40.349383]}}, {"type": "Feature", "properties": {"osmid": 3833718055}, "geometry": {"type": "Point", "coordinates": [-74.658482, 40.349677]}}, {"type": "Feature", "properties": {"osmid": 3833718158}, "geometry": {"type": "Point", "coordinates": [-74.659208, 40.349553]}}, {"type": "Feature", "properties": {"osmid": 3833718159}, "geometry": {"type": "Point", "coordinates": [-74.659387, 40.348838]}}, {"type": "Feature", "properties": {"osmid": 3833720805}, "geometry": {"type": "Point", "coordinates": [-74.659296, 40.346354]}}, {"type": "Feature", "properties": {"osmid": 3833720807}, "geometry": {"type": "Point", "coordinates": [-74.659369, 40.346137]}}, {"type": "Feature", "properties": {"osmid": 3833720808}, "geometry": {"type": "Point", "coordinates": [-74.659296, 40.34611]}}, {"type": "Feature", "properties": {"osmid": 3833720809}, "geometry": {"type": "Point", "coordinates": [-74.659404, 40.346219]}}, {"type": "Feature", "properties": {"osmid": 3833720815}, "geometry": {"type": "Point", "coordinates": [-74.658672, 40.346333]}}, {"type": "Feature", "properties": {"osmid": 3833720817}, "geometry": {"type": "Point", "coordinates": [-74.658152, 40.346512]}}, {"type": "Feature", "properties": {"osmid": 3833720818}, "geometry": {"type": "Point", "coordinates": [-74.657963, 40.346104]}}, {"type": "Feature", "properties": {"osmid": 3833720819}, "geometry": {"type": "Point", "coordinates": [-74.657719, 40.346169]}}, {"type": "Feature", "properties": {"osmid": 3833720820}, "geometry": {"type": "Point", "coordinates": [-74.657913, 40.346567]}}, {"type": "Feature", "properties": {"osmid": 3833720822}, "geometry": {"type": "Point", "coordinates": [-74.657237, 40.345736]}}, {"type": "Feature", "properties": {"osmid": 3833720823}, "geometry": {"type": "Point", "coordinates": [-74.657403, 40.346103]}}, {"type": "Feature", "properties": {"osmid": 3833720825}, "geometry": {"type": "Point", "coordinates": [-74.657069, 40.346165]}}, {"type": "Feature", "properties": {"osmid": 3833720826}, "geometry": {"type": "Point", "coordinates": [-74.656985, 40.345978]}}, {"type": "Feature", "properties": {"osmid": 3833720827}, "geometry": {"type": "Point", "coordinates": [-74.657144, 40.345936]}}, {"type": "Feature", "properties": {"osmid": 3833720828}, "geometry": {"type": "Point", "coordinates": [-74.657155, 40.346067]}}, {"type": "Feature", "properties": {"osmid": 3833720829}, "geometry": {"type": "Point", "coordinates": [-74.6573, 40.346037]}}, {"type": "Feature", "properties": {"osmid": 3833720830}, "geometry": {"type": "Point", "coordinates": [-74.657254, 40.346119]}}, {"type": "Feature", "properties": {"osmid": 3833720836}, "geometry": {"type": "Point", "coordinates": [-74.655021, 40.345903]}}, {"type": "Feature", "properties": {"osmid": 3833721159}, "geometry": {"type": "Point", "coordinates": [-74.653548, 40.345306]}}, {"type": "Feature", "properties": {"osmid": 3833721161}, "geometry": {"type": "Point", "coordinates": [-74.654513, 40.345045]}}, {"type": "Feature", "properties": {"osmid": 3833722878}, "geometry": {"type": "Point", "coordinates": [-74.65752, 40.345866]}}, {"type": "Feature", "properties": {"osmid": 3833722879}, "geometry": {"type": "Point", "coordinates": [-74.657827, 40.345787]}}, {"type": "Feature", "properties": {"osmid": 3833722880}, "geometry": {"type": "Point", "coordinates": [-74.657747, 40.345808]}}, {"type": "Feature", "properties": {"osmid": 3833722881}, "geometry": {"type": "Point", "coordinates": [-74.657852, 40.346038]}}, {"type": "Feature", "properties": {"osmid": 3833722882}, "geometry": {"type": "Point", "coordinates": [-74.657629, 40.346092]}}, {"type": "Feature", "properties": {"osmid": 3833722883}, "geometry": {"type": "Point", "coordinates": [-74.657927, 40.346017]}}, {"type": "Feature", "properties": {"osmid": 3833722884}, "geometry": {"type": "Point", "coordinates": [-74.657688, 40.345495]}}, {"type": "Feature", "properties": {"osmid": 3833728523}, "geometry": {"type": "Point", "coordinates": [-74.658825, 40.349586]}}, {"type": "Feature", "properties": {"osmid": 4272397104}, "geometry": {"type": "Point", "coordinates": [-74.651077, 40.349757]}}, {"type": "Feature", "properties": {"osmid": 4272397105}, "geometry": {"type": "Point", "coordinates": [-74.651066, 40.349737]}}, {"type": "Feature", "properties": {"osmid": 4272397106}, "geometry": {"type": "Point", "coordinates": [-74.65081, 40.349809]}}, {"type": "Feature", "properties": {"osmid": 4272397107}, "geometry": {"type": "Point", "coordinates": [-74.650785, 40.349758]}}, {"type": "Feature", "properties": {"osmid": 4272397113}, "geometry": {"type": "Point", "coordinates": [-74.650195, 40.350266]}}, {"type": "Feature", "properties": {"osmid": 4272397114}, "geometry": {"type": "Point", "coordinates": [-74.649598, 40.350031]}}, {"type": "Feature", "properties": {"osmid": 4272397117}, "geometry": {"type": "Point", "coordinates": [-74.648352, 40.350363]}}, {"type": "Feature", "properties": {"osmid": 4272397142}, "geometry": {"type": "Point", "coordinates": [-74.648802, 40.350269]}}, {"type": "Feature", "properties": {"osmid": 4272397143}, "geometry": {"type": "Point", "coordinates": [-74.650171, 40.351445]}}, {"type": "Feature", "properties": {"osmid": 4272397148}, "geometry": {"type": "Point", "coordinates": [-74.649587, 40.351213]}}, {"type": "Feature", "properties": {"osmid": 4272397149}, "geometry": {"type": "Point", "coordinates": [-74.649794, 40.351151]}}, {"type": "Feature", "properties": {"osmid": 4272397150}, "geometry": {"type": "Point", "coordinates": [-74.649965, 40.351505]}}, {"type": "Feature", "properties": {"osmid": 4272410487}, "geometry": {"type": "Point", "coordinates": [-74.651763, 40.349993]}}, {"type": "Feature", "properties": {"osmid": 4272411196}, "geometry": {"type": "Point", "coordinates": [-74.652881, 40.350101]}}, {"type": "Feature", "properties": {"osmid": 4272411202}, "geometry": {"type": "Point", "coordinates": [-74.651841, 40.349972]}}, {"type": "Feature", "properties": {"osmid": 4272411203}, "geometry": {"type": "Point", "coordinates": [-74.653164, 40.351656]}}, {"type": "Feature", "properties": {"osmid": 4272411208}, "geometry": {"type": "Point", "coordinates": [-74.652835, 40.351184]}}, {"type": "Feature", "properties": {"osmid": 4272411231}, "geometry": {"type": "Point", "coordinates": [-74.654177, 40.349249]}}, {"type": "Feature", "properties": {"osmid": 4272411238}, "geometry": {"type": "Point", "coordinates": [-74.654422, 40.348723]}}, {"type": "Feature", "properties": {"osmid": 4272411284}, "geometry": {"type": "Point", "coordinates": [-74.65546, 40.349882]}}, {"type": "Feature", "properties": {"osmid": 4272411285}, "geometry": {"type": "Point", "coordinates": [-74.655148, 40.349997]}}, {"type": "Feature", "properties": {"osmid": 4272411286}, "geometry": {"type": "Point", "coordinates": [-74.654203, 40.350323]}}, {"type": "Feature", "properties": {"osmid": 4272411290}, "geometry": {"type": "Point", "coordinates": [-74.655219, 40.350192]}}, {"type": "Feature", "properties": {"osmid": 4272411291}, "geometry": {"type": "Point", "coordinates": [-74.655539, 40.350077]}}, {"type": "Feature", "properties": {"osmid": 4272411293}, "geometry": {"type": "Point", "coordinates": [-74.655303, 40.350379]}}, {"type": "Feature", "properties": {"osmid": 4272411301}, "geometry": {"type": "Point", "coordinates": [-74.654332, 40.350571]}}, {"type": "Feature", "properties": {"osmid": 4272411353}, "geometry": {"type": "Point", "coordinates": [-74.654029, 40.351304]}}, {"type": "Feature", "properties": {"osmid": 4272441395}, "geometry": {"type": "Point", "coordinates": [-74.655077, 40.347705]}}, {"type": "Feature", "properties": {"osmid": 4272441439}, "geometry": {"type": "Point", "coordinates": [-74.652892, 40.347545]}}, {"type": "Feature", "properties": {"osmid": 4272441450}, "geometry": {"type": "Point", "coordinates": [-74.653003, 40.347515]}}, {"type": "Feature", "properties": {"osmid": 4272441464}, "geometry": {"type": "Point", "coordinates": [-74.652253, 40.34655]}}, {"type": "Feature", "properties": {"osmid": 4272441467}, "geometry": {"type": "Point", "coordinates": [-74.652143, 40.346182]}}, {"type": "Feature", "properties": {"osmid": 4446013558}, "geometry": {"type": "Point", "coordinates": [-74.657211, 40.345663]}}, {"type": "Feature", "properties": {"osmid": 4446013559}, "geometry": {"type": "Point", "coordinates": [-74.657418, 40.345634]}}, {"type": "Feature", "properties": {"osmid": 4446013560}, "geometry": {"type": "Point", "coordinates": [-74.657231, 40.345723]}}, {"type": "Feature", "properties": {"osmid": 4552986545}, "geometry": {"type": "Point", "coordinates": [-74.652084, 40.349907]}}, {"type": "Feature", "properties": {"osmid": 4552986547}, "geometry": {"type": "Point", "coordinates": [-74.652138, 40.350012]}}, {"type": "Feature", "properties": {"osmid": 4552986550}, "geometry": {"type": "Point", "coordinates": [-74.654398, 40.346117]}}, {"type": "Feature", "properties": {"osmid": 4552986569}, "geometry": {"type": "Point", "coordinates": [-74.65667, 40.344743]}}, {"type": "Feature", "properties": {"osmid": 4554537359}, "geometry": {"type": "Point", "coordinates": [-74.655716, 40.348529]}}, {"type": "Feature", "properties": {"osmid": 4554537360}, "geometry": {"type": "Point", "coordinates": [-74.656338, 40.349321]}}, {"type": "Feature", "properties": {"osmid": 4554537361}, "geometry": {"type": "Point", "coordinates": [-74.655819, 40.34866]}}, {"type": "Feature", "properties": {"osmid": 4554537362}, "geometry": {"type": "Point", "coordinates": [-74.65578, 40.348513]}}, {"type": "Feature", "properties": {"osmid": 4554537364}, "geometry": {"type": "Point", "coordinates": [-74.656539, 40.349077]}}, {"type": "Feature", "properties": {"osmid": 4554537365}, "geometry": {"type": "Point", "coordinates": [-74.656239, 40.349194]}}, {"type": "Feature", "properties": {"osmid": 4554537366}, "geometry": {"type": "Point", "coordinates": [-74.656379, 40.349139]}}, {"type": "Feature", "properties": {"osmid": 4554537367}, "geometry": {"type": "Point", "coordinates": [-74.656391, 40.3493]}}, {"type": "Feature", "properties": {"osmid": 4554537368}, "geometry": {"type": "Point", "coordinates": [-74.656475, 40.349268]}}, {"type": "Feature", "properties": {"osmid": 4772010617}, "geometry": {"type": "Point", "coordinates": [-74.652325, 40.35673]}}, {"type": "Feature", "properties": {"osmid": 4772011838}, "geometry": {"type": "Point", "coordinates": [-74.652837, 40.35626]}}, {"type": "Feature", "properties": {"osmid": 4772011847}, "geometry": {"type": "Point", "coordinates": [-74.652867, 40.356106]}}, {"type": "Feature", "properties": {"osmid": 4772011852}, "geometry": {"type": "Point", "coordinates": [-74.653456, 40.355288]}}, {"type": "Feature", "properties": {"osmid": 4772011858}, "geometry": {"type": "Point", "coordinates": [-74.653031, 40.357348]}}, {"type": "Feature", "properties": {"osmid": 4772011861}, "geometry": {"type": "Point", "coordinates": [-74.65294, 40.35812]}}, {"type": "Feature", "properties": {"osmid": 4772011870}, "geometry": {"type": "Point", "coordinates": [-74.651899, 40.35738]}}, {"type": "Feature", "properties": {"osmid": 4772011871}, "geometry": {"type": "Point", "coordinates": [-74.652125, 40.357334]}}, {"type": "Feature", "properties": {"osmid": 4772011872}, "geometry": {"type": "Point", "coordinates": [-74.652025, 40.357104]}}, {"type": "Feature", "properties": {"osmid": 4772011874}, "geometry": {"type": "Point", "coordinates": [-74.652277, 40.358489]}}, {"type": "Feature", "properties": {"osmid": 4772011876}, "geometry": {"type": "Point", "coordinates": [-74.653008, 40.358316]}}, {"type": "Feature", "properties": {"osmid": 4772011881}, "geometry": {"type": "Point", "coordinates": [-74.652646, 40.358191]}}, {"type": "Feature", "properties": {"osmid": 4772011887}, "geometry": {"type": "Point", "coordinates": [-74.652556, 40.35799]}}, {"type": "Feature", "properties": {"osmid": 4772011888}, "geometry": {"type": "Point", "coordinates": [-74.652107, 40.358103]}}, {"type": "Feature", "properties": {"osmid": 4772011896}, "geometry": {"type": "Point", "coordinates": [-74.652964, 40.358069]}}, {"type": "Feature", "properties": {"osmid": 4772011904}, "geometry": {"type": "Point", "coordinates": [-74.653077, 40.357637]}}, {"type": "Feature", "properties": {"osmid": 4772011962}, "geometry": {"type": "Point", "coordinates": [-74.652445, 40.35863]}}, {"type": "Feature", "properties": {"osmid": 4772011963}, "geometry": {"type": "Point", "coordinates": [-74.653078, 40.358475]}}, {"type": "Feature", "properties": {"osmid": 4772011968}, "geometry": {"type": "Point", "coordinates": [-74.652207, 40.358526]}}, {"type": "Feature", "properties": {"osmid": 4772011976}, "geometry": {"type": "Point", "coordinates": [-74.654388, 40.357685]}}, {"type": "Feature", "properties": {"osmid": 4772011979}, "geometry": {"type": "Point", "coordinates": [-74.654036, 40.357502]}}, {"type": "Feature", "properties": {"osmid": 4772011980}, "geometry": {"type": "Point", "coordinates": [-74.654287, 40.357441]}}, {"type": "Feature", "properties": {"osmid": 4772011981}, "geometry": {"type": "Point", "coordinates": [-74.654118, 40.357035]}}, {"type": "Feature", "properties": {"osmid": 4772011982}, "geometry": {"type": "Point", "coordinates": [-74.654208, 40.357013]}}, {"type": "Feature", "properties": {"osmid": 4772011983}, "geometry": {"type": "Point", "coordinates": [-74.654282, 40.356997]}}, {"type": "Feature", "properties": {"osmid": 4772011984}, "geometry": {"type": "Point", "coordinates": [-74.654247, 40.356915]}}, {"type": "Feature", "properties": {"osmid": 4772011985}, "geometry": {"type": "Point", "coordinates": [-74.654211, 40.356844]}}, {"type": "Feature", "properties": {"osmid": 4772011986}, "geometry": {"type": "Point", "coordinates": [-74.654142, 40.35686]}}, {"type": "Feature", "properties": {"osmid": 4772011987}, "geometry": {"type": "Point", "coordinates": [-74.654064, 40.356884]}}, {"type": "Feature", "properties": {"osmid": 4772011988}, "geometry": {"type": "Point", "coordinates": [-74.654085, 40.35695]}}, {"type": "Feature", "properties": {"osmid": 4772012021}, "geometry": {"type": "Point", "coordinates": [-74.652765, 40.356584]}}, {"type": "Feature", "properties": {"osmid": 4772012022}, "geometry": {"type": "Point", "coordinates": [-74.653326, 40.356443]}}, {"type": "Feature", "properties": {"osmid": 4772012023}, "geometry": {"type": "Point", "coordinates": [-74.653304, 40.356798]}}, {"type": "Feature", "properties": {"osmid": 4772012024}, "geometry": {"type": "Point", "coordinates": [-74.65333, 40.356858]}}, {"type": "Feature", "properties": {"osmid": 4772012025}, "geometry": {"type": "Point", "coordinates": [-74.653039, 40.356862]}}, {"type": "Feature", "properties": {"osmid": 4772012026}, "geometry": {"type": "Point", "coordinates": [-74.653065, 40.356923]}}, {"type": "Feature", "properties": {"osmid": 4772012027}, "geometry": {"type": "Point", "coordinates": [-74.653685, 40.355998]}}, {"type": "Feature", "properties": {"osmid": 4772012028}, "geometry": {"type": "Point", "coordinates": [-74.653721, 40.356081]}}, {"type": "Feature", "properties": {"osmid": 4772012029}, "geometry": {"type": "Point", "coordinates": [-74.653657, 40.355935]}}, {"type": "Feature", "properties": {"osmid": 4772012030}, "geometry": {"type": "Point", "coordinates": [-74.653736, 40.355911]}}, {"type": "Feature", "properties": {"osmid": 4772012031}, "geometry": {"type": "Point", "coordinates": [-74.653804, 40.355895]}}, {"type": "Feature", "properties": {"osmid": 4772012032}, "geometry": {"type": "Point", "coordinates": [-74.653832, 40.355963]}}, {"type": "Feature", "properties": {"osmid": 4772012033}, "geometry": {"type": "Point", "coordinates": [-74.653868, 40.356049]}}, {"type": "Feature", "properties": {"osmid": 4772012034}, "geometry": {"type": "Point", "coordinates": [-74.653799, 40.356063]}}, {"type": "Feature", "properties": {"osmid": 4772012044}, "geometry": {"type": "Point", "coordinates": [-74.652084, 40.357238]}}, {"type": "Feature", "properties": {"osmid": 4772012047}, "geometry": {"type": "Point", "coordinates": [-74.651675, 40.357271]}}, {"type": "Feature", "properties": {"osmid": 4772012048}, "geometry": {"type": "Point", "coordinates": [-74.651972, 40.357262]}}, {"type": "Feature", "properties": {"osmid": 4772012050}, "geometry": {"type": "Point", "coordinates": [-74.651752, 40.357153]}}, {"type": "Feature", "properties": {"osmid": 4772012053}, "geometry": {"type": "Point", "coordinates": [-74.652335, 40.357287]}}, {"type": "Feature", "properties": {"osmid": 4772012054}, "geometry": {"type": "Point", "coordinates": [-74.652358, 40.357345]}}, {"type": "Feature", "properties": {"osmid": 4772012055}, "geometry": {"type": "Point", "coordinates": [-74.652376, 40.357393]}}, {"type": "Feature", "properties": {"osmid": 4772012056}, "geometry": {"type": "Point", "coordinates": [-74.652505, 40.357175]}}, {"type": "Feature", "properties": {"osmid": 4772012059}, "geometry": {"type": "Point", "coordinates": [-74.652315, 40.357408]}}, {"type": "Feature", "properties": {"osmid": 4772012063}, "geometry": {"type": "Point", "coordinates": [-74.652092, 40.357474]}}, {"type": "Feature", "properties": {"osmid": 4772012070}, "geometry": {"type": "Point", "coordinates": [-74.653036, 40.356516]}}, {"type": "Feature", "properties": {"osmid": 4772012071}, "geometry": {"type": "Point", "coordinates": [-74.653029, 40.356501]}}, {"type": "Feature", "properties": {"osmid": 4772012072}, "geometry": {"type": "Point", "coordinates": [-74.65325, 40.356341]}}, {"type": "Feature", "properties": {"osmid": 4772012073}, "geometry": {"type": "Point", "coordinates": [-74.653164, 40.356363]}}, {"type": "Feature", "properties": {"osmid": 4772012074}, "geometry": {"type": "Point", "coordinates": [-74.652952, 40.356331]}}, {"type": "Feature", "properties": {"osmid": 4772012076}, "geometry": {"type": "Point", "coordinates": [-74.652929, 40.356275]}}, {"type": "Feature", "properties": {"osmid": 4772012077}, "geometry": {"type": "Point", "coordinates": [-74.653338, 40.356538]}}, {"type": "Feature", "properties": {"osmid": 4772012080}, "geometry": {"type": "Point", "coordinates": [-74.653557, 40.356388]}}, {"type": "Feature", "properties": {"osmid": 4772012081}, "geometry": {"type": "Point", "coordinates": [-74.653483, 40.356502]}}, {"type": "Feature", "properties": {"osmid": 4772012082}, "geometry": {"type": "Point", "coordinates": [-74.653467, 40.356468]}}, {"type": "Feature", "properties": {"osmid": 4772012098}, "geometry": {"type": "Point", "coordinates": [-74.65395, 40.356411]}}, {"type": "Feature", "properties": {"osmid": 4772012099}, "geometry": {"type": "Point", "coordinates": [-74.653871, 40.35643]}}, {"type": "Feature", "properties": {"osmid": 4772012107}, "geometry": {"type": "Point", "coordinates": [-74.653954, 40.35698]}}, {"type": "Feature", "properties": {"osmid": 4772012108}, "geometry": {"type": "Point", "coordinates": [-74.653806, 40.357356]}}, {"type": "Feature", "properties": {"osmid": 4772012109}, "geometry": {"type": "Point", "coordinates": [-74.653698, 40.35738]}}, {"type": "Feature", "properties": {"osmid": 4772012110}, "geometry": {"type": "Point", "coordinates": [-74.65397, 40.357734]}}, {"type": "Feature", "properties": {"osmid": 4772012111}, "geometry": {"type": "Point", "coordinates": [-74.653859, 40.357764]}}, {"type": "Feature", "properties": {"osmid": 4772012112}, "geometry": {"type": "Point", "coordinates": [-74.654635, 40.358044]}}, {"type": "Feature", "properties": {"osmid": 4772012113}, "geometry": {"type": "Point", "coordinates": [-74.653947, 40.358209]}}, {"type": "Feature", "properties": {"osmid": 4772012114}, "geometry": {"type": "Point", "coordinates": [-74.653513, 40.35692]}}, {"type": "Feature", "properties": {"osmid": 4772012116}, "geometry": {"type": "Point", "coordinates": [-74.653318, 40.357078]}}, {"type": "Feature", "properties": {"osmid": 4772012120}, "geometry": {"type": "Point", "coordinates": [-74.651346, 40.358625]}}, {"type": "Feature", "properties": {"osmid": 4772012143}, "geometry": {"type": "Point", "coordinates": [-74.653532, 40.355246]}}, {"type": "Feature", "properties": {"osmid": 4772012144}, "geometry": {"type": "Point", "coordinates": [-74.653444, 40.355258]}}, {"type": "Feature", "properties": {"osmid": 4772012145}, "geometry": {"type": "Point", "coordinates": [-74.65336, 40.35527]}}, {"type": "Feature", "properties": {"osmid": 4772012146}, "geometry": {"type": "Point", "coordinates": [-74.65331, 40.355129]}}, {"type": "Feature", "properties": {"osmid": 4772012147}, "geometry": {"type": "Point", "coordinates": [-74.653387, 40.35512]}}, {"type": "Feature", "properties": {"osmid": 4772012148}, "geometry": {"type": "Point", "coordinates": [-74.653485, 40.355108]}}, {"type": "Feature", "properties": {"osmid": 4772012149}, "geometry": {"type": "Point", "coordinates": [-74.6535, 40.355173]}}, {"type": "Feature", "properties": {"osmid": 4772012152}, "geometry": {"type": "Point", "coordinates": [-74.6534, 40.355313]}}, {"type": "Feature", "properties": {"osmid": 4805055769}, "geometry": {"type": "Point", "coordinates": [-74.652039, 40.347973]}}, {"type": "Feature", "properties": {"osmid": 4839022411}, "geometry": {"type": "Point", "coordinates": [-74.656058, 40.352153]}}, {"type": "Feature", "properties": {"osmid": 4858758631}, "geometry": {"type": "Point", "coordinates": [-74.655448, 40.356632]}}, {"type": "Feature", "properties": {"osmid": 4941740466}, "geometry": {"type": "Point", "coordinates": [-74.66044, 40.34899]}}, {"type": "Feature", "properties": {"osmid": 4941740470}, "geometry": {"type": "Point", "coordinates": [-74.654108, 40.350145]}}, {"type": "Feature", "properties": {"osmid": 4978426173}, "geometry": {"type": "Point", "coordinates": [-74.65891, 40.354996]}}, {"type": "Feature", "properties": {"osmid": 4978426179}, "geometry": {"type": "Point", "coordinates": [-74.658998, 40.354814]}}, {"type": "Feature", "properties": {"osmid": 4978426181}, "geometry": {"type": "Point", "coordinates": [-74.659909, 40.354393]}}, {"type": "Feature", "properties": {"osmid": 4978428703}, "geometry": {"type": "Point", "coordinates": [-74.660047, 40.354212]}}, {"type": "Feature", "properties": {"osmid": 4984224131}, "geometry": {"type": "Point", "coordinates": [-74.661051, 40.352685]}}, {"type": "Feature", "properties": {"osmid": 5034731121}, "geometry": {"type": "Point", "coordinates": [-74.657575, 40.345009]}}, {"type": "Feature", "properties": {"osmid": 5290136950}, "geometry": {"type": "Point", "coordinates": [-74.660895, 40.350444]}}, {"type": "Feature", "properties": {"osmid": 5290136952}, "geometry": {"type": "Point", "coordinates": [-74.660173, 40.350629]}}, {"type": "Feature", "properties": {"osmid": 5710145283}, "geometry": {"type": "Point", "coordinates": [-74.657687, 40.345953]}}, {"type": "Feature", "properties": {"osmid": 5710145291}, "geometry": {"type": "Point", "coordinates": [-74.657787, 40.3453]}}, {"type": "Feature", "properties": {"osmid": 5710145292}, "geometry": {"type": "Point", "coordinates": [-74.657474, 40.345001]}}, {"type": "Feature", "properties": {"osmid": 5710145293}, "geometry": {"type": "Point", "coordinates": [-74.657391, 40.344888]}}, {"type": "Feature", "properties": {"osmid": 5710145295}, "geometry": {"type": "Point", "coordinates": [-74.65319, 40.345405]}}, {"type": "Feature", "properties": {"osmid": 5710145297}, "geometry": {"type": "Point", "coordinates": [-74.657001, 40.344279]}}, {"type": "Feature", "properties": {"osmid": 5710182598}, "geometry": {"type": "Point", "coordinates": [-74.652591, 40.350038]}}, {"type": "Feature", "properties": {"osmid": 5710182623}, "geometry": {"type": "Point", "coordinates": [-74.6557, 40.347568]}}, {"type": "Feature", "properties": {"osmid": 5710182624}, "geometry": {"type": "Point", "coordinates": [-74.655676, 40.347795]}}, {"type": "Feature", "properties": {"osmid": 5710183091}, "geometry": {"type": "Point", "coordinates": [-74.65391, 40.348124]}}, {"type": "Feature", "properties": {"osmid": 5710186440}, "geometry": {"type": "Point", "coordinates": [-74.657905, 40.349065]}}, {"type": "Feature", "properties": {"osmid": 5710186472}, "geometry": {"type": "Point", "coordinates": [-74.652051, 40.351037]}}, {"type": "Feature", "properties": {"osmid": 5945447839}, "geometry": {"type": "Point", "coordinates": [-74.654013, 40.346284]}}, {"type": "Feature", "properties": {"osmid": 5945447840}, "geometry": {"type": "Point", "coordinates": [-74.655572, 40.345668]}}, {"type": "Feature", "properties": {"osmid": 5952890676}, "geometry": {"type": "Point", "coordinates": [-74.656882, 40.348515]}}, {"type": "Feature", "properties": {"osmid": 6039048244}, "geometry": {"type": "Point", "coordinates": [-74.650537, 40.352443]}}, {"type": "Feature", "properties": {"osmid": 6039048245}, "geometry": {"type": "Point", "coordinates": [-74.650048, 40.351481]}}, {"type": "Feature", "properties": {"osmid": 6039048246}, "geometry": {"type": "Point", "coordinates": [-74.651556, 40.352139]}}, {"type": "Feature", "properties": {"osmid": 6039048248}, "geometry": {"type": "Point", "coordinates": [-74.651705, 40.352095]}}, {"type": "Feature", "properties": {"osmid": 6039048251}, "geometry": {"type": "Point", "coordinates": [-74.650991, 40.351395]}}, {"type": "Feature", "properties": {"osmid": 6039048252}, "geometry": {"type": "Point", "coordinates": [-74.651506, 40.352154]}}, {"type": "Feature", "properties": {"osmid": 6039048257}, "geometry": {"type": "Point", "coordinates": [-74.651656, 40.352708]}}, {"type": "Feature", "properties": {"osmid": 6039048258}, "geometry": {"type": "Point", "coordinates": [-74.654778, 40.352043]}}, {"type": "Feature", "properties": {"osmid": 6039048259}, "geometry": {"type": "Point", "coordinates": [-74.654048, 40.35224]}}, {"type": "Feature", "properties": {"osmid": 6039048260}, "geometry": {"type": "Point", "coordinates": [-74.654695, 40.353466]}}, {"type": "Feature", "properties": {"osmid": 6039048261}, "geometry": {"type": "Point", "coordinates": [-74.653285, 40.352479]}}, {"type": "Feature", "properties": {"osmid": 6039048262}, "geometry": {"type": "Point", "coordinates": [-74.653353, 40.352604]}}, {"type": "Feature", "properties": {"osmid": 6039048263}, "geometry": {"type": "Point", "coordinates": [-74.654113, 40.352374]}}, {"type": "Feature", "properties": {"osmid": 6039048265}, "geometry": {"type": "Point", "coordinates": [-74.65465, 40.352078]}}, {"type": "Feature", "properties": {"osmid": 6039048266}, "geometry": {"type": "Point", "coordinates": [-74.654608, 40.351733]}}, {"type": "Feature", "properties": {"osmid": 6039048270}, "geometry": {"type": "Point", "coordinates": [-74.655724, 40.351532]}}, {"type": "Feature", "properties": {"osmid": 6127152656}, "geometry": {"type": "Point", "coordinates": [-74.660175, 40.349448]}}, {"type": "Feature", "properties": {"osmid": 6127152657}, "geometry": {"type": "Point", "coordinates": [-74.659252, 40.349643]}}, {"type": "Feature", "properties": {"osmid": 6127152659}, "geometry": {"type": "Point", "coordinates": [-74.659269, 40.34968]}}, {"type": "Feature", "properties": {"osmid": 6129674988}, "geometry": {"type": "Point", "coordinates": [-74.648531, 40.349577]}}, {"type": "Feature", "properties": {"osmid": 6129675015}, "geometry": {"type": "Point", "coordinates": [-74.647649, 40.349816]}}, {"type": "Feature", "properties": {"osmid": 6129675023}, "geometry": {"type": "Point", "coordinates": [-74.651588, 40.350047]}}, {"type": "Feature", "properties": {"osmid": 6129786528}, "geometry": {"type": "Point", "coordinates": [-74.653389, 40.350788]}}, {"type": "Feature", "properties": {"osmid": 6129786555}, "geometry": {"type": "Point", "coordinates": [-74.656224, 40.349458]}}, {"type": "Feature", "properties": {"osmid": 6129786560}, "geometry": {"type": "Point", "coordinates": [-74.655, 40.34791]}}, {"type": "Feature", "properties": {"osmid": 6135752759}, "geometry": {"type": "Point", "coordinates": [-74.652067, 40.342855]}}, {"type": "Feature", "properties": {"osmid": 6135752762}, "geometry": {"type": "Point", "coordinates": [-74.651683, 40.342708]}}, {"type": "Feature", "properties": {"osmid": 6381357557}, "geometry": {"type": "Point", "coordinates": [-74.656179, 40.351053]}}, {"type": "Feature", "properties": {"osmid": 6381357558}, "geometry": {"type": "Point", "coordinates": [-74.656298, 40.351286]}}, {"type": "Feature", "properties": {"osmid": 6381357559}, "geometry": {"type": "Point", "coordinates": [-74.655593, 40.351293]}}, {"type": "Feature", "properties": {"osmid": 6381357564}, "geometry": {"type": "Point", "coordinates": [-74.656394, 40.351256]}}, {"type": "Feature", "properties": {"osmid": 6426165252}, "geometry": {"type": "Point", "coordinates": [-74.655838, 40.356536]}}, {"type": "Feature", "properties": {"osmid": 6441408460}, "geometry": {"type": "Point", "coordinates": [-74.650848, 40.35569]}}, {"type": "Feature", "properties": {"osmid": 6824943227}, "geometry": {"type": "Point", "coordinates": [-74.655163, 40.356699]}}, {"type": "Feature", "properties": {"osmid": 6824943228}, "geometry": {"type": "Point", "coordinates": [-74.655237, 40.3569]}}, {"type": "Feature", "properties": {"osmid": 6824943231}, "geometry": {"type": "Point", "coordinates": [-74.654697, 40.357611]}}, {"type": "Feature", "properties": {"osmid": 6824943232}, "geometry": {"type": "Point", "coordinates": [-74.654801, 40.357874]}}, {"type": "Feature", "properties": {"osmid": 6824943234}, "geometry": {"type": "Point", "coordinates": [-74.654723, 40.357119]}}, {"type": "Feature", "properties": {"osmid": 6824943235}, "geometry": {"type": "Point", "coordinates": [-74.655538, 40.356831]}}, {"type": "Feature", "properties": {"osmid": 6830468520}, "geometry": {"type": "Point", "coordinates": [-74.643862, 40.354501]}}, {"type": "Feature", "properties": {"osmid": 6830468521}, "geometry": {"type": "Point", "coordinates": [-74.643971, 40.354654]}}, {"type": "Feature", "properties": {"osmid": 6830468527}, "geometry": {"type": "Point", "coordinates": [-74.644294, 40.354342]}}, {"type": "Feature", "properties": {"osmid": 6830468529}, "geometry": {"type": "Point", "coordinates": [-74.644428, 40.355237]}}, {"type": "Feature", "properties": {"osmid": 6846200167}, "geometry": {"type": "Point", "coordinates": [-74.649717, 40.34878]}}, {"type": "Feature", "properties": {"osmid": 6846200168}, "geometry": {"type": "Point", "coordinates": [-74.651424, 40.349513]}}, {"type": "Feature", "properties": {"osmid": 6846200176}, "geometry": {"type": "Point", "coordinates": [-74.65228, 40.349427]}}, {"type": "Feature", "properties": {"osmid": 6846200177}, "geometry": {"type": "Point", "coordinates": [-74.652062, 40.349358]}}, {"type": "Feature", "properties": {"osmid": 6846200179}, "geometry": {"type": "Point", "coordinates": [-74.651958, 40.349101]}}, {"type": "Feature", "properties": {"osmid": 6847527539}, "geometry": {"type": "Point", "coordinates": [-74.647991, 40.349238]}}, {"type": "Feature", "properties": {"osmid": 6875736964}, "geometry": {"type": "Point", "coordinates": [-74.652865, 40.343587]}}, {"type": "Feature", "properties": {"osmid": 6892586073}, "geometry": {"type": "Point", "coordinates": [-74.650277, 40.358283]}}, {"type": "Feature", "properties": {"osmid": 6895985975}, "geometry": {"type": "Point", "coordinates": [-74.654249, 40.350705]}}, {"type": "Feature", "properties": {"osmid": 6895985976}, "geometry": {"type": "Point", "coordinates": [-74.652206, 40.351184]}}, {"type": "Feature", "properties": {"osmid": 6895985977}, "geometry": {"type": "Point", "coordinates": [-74.651538, 40.351392]}}, {"type": "Feature", "properties": {"osmid": 6902404967}, "geometry": {"type": "Point", "coordinates": [-74.655503, 40.353332]}}, {"type": "Feature", "properties": {"osmid": 6902404973}, "geometry": {"type": "Point", "coordinates": [-74.655576, 40.353461]}}, {"type": "Feature", "properties": {"osmid": 6902717601}, "geometry": {"type": "Point", "coordinates": [-74.645262, 40.353632]}}, {"type": "Feature", "properties": {"osmid": 6902717602}, "geometry": {"type": "Point", "coordinates": [-74.645194, 40.353665]}}, {"type": "Feature", "properties": {"osmid": 6902717603}, "geometry": {"type": "Point", "coordinates": [-74.644867, 40.353817]}}, {"type": "Feature", "properties": {"osmid": 6942958024}, "geometry": {"type": "Point", "coordinates": [-74.659508, 40.350229]}}, {"type": "Feature", "properties": {"osmid": 6942958025}, "geometry": {"type": "Point", "coordinates": [-74.659362, 40.349887]}}, {"type": "Feature", "properties": {"osmid": 7257179781}, "geometry": {"type": "Point", "coordinates": [-74.652392, 40.351577]}}, {"type": "Feature", "properties": {"osmid": 7257179782}, "geometry": {"type": "Point", "coordinates": [-74.652042, 40.351686]}}, {"type": "Feature", "properties": {"osmid": 7257179783}, "geometry": {"type": "Point", "coordinates": [-74.653796, 40.35146]}}, {"type": "Feature", "properties": {"osmid": 7257179784}, "geometry": {"type": "Point", "coordinates": [-74.653625, 40.351146]}}, {"type": "Feature", "properties": {"osmid": 7650984049}, "geometry": {"type": "Point", "coordinates": [-74.658743, 40.350578]}}, {"type": "Feature", "properties": {"osmid": 7650984054}, "geometry": {"type": "Point", "coordinates": [-74.658657, 40.35038]}}, {"type": "Feature", "properties": {"osmid": 7787206354}, "geometry": {"type": "Point", "coordinates": [-74.644554, 40.35065]}}, {"type": "Feature", "properties": {"osmid": 7787206358}, "geometry": {"type": "Point", "coordinates": [-74.643561, 40.351415]}}, {"type": "Feature", "properties": {"osmid": 7787434761}, "geometry": {"type": "Point", "coordinates": [-74.646756, 40.350044]}}, {"type": "Feature", "properties": {"osmid": 7787434763}, "geometry": {"type": "Point", "coordinates": [-74.646266, 40.349038]}}, {"type": "Feature", "properties": {"osmid": 7787468164}, "geometry": {"type": "Point", "coordinates": [-74.650596, 40.349018]}}, {"type": "Feature", "properties": {"osmid": 7787468168}, "geometry": {"type": "Point", "coordinates": [-74.650347, 40.348499]}}, {"type": "Feature", "properties": {"osmid": 7885920856}, "geometry": {"type": "Point", "coordinates": [-74.646105, 40.355252]}}, {"type": "Feature", "properties": {"osmid": 7885920859}, "geometry": {"type": "Point", "coordinates": [-74.646341, 40.35494]}}, {"type": "Feature", "properties": {"osmid": 7885920861}, "geometry": {"type": "Point", "coordinates": [-74.647031, 40.356409]}}, {"type": "Feature", "properties": {"osmid": 7886337972}, "geometry": {"type": "Point", "coordinates": [-74.659306, 40.353344]}}, {"type": "Feature", "properties": {"osmid": 7886337977}, "geometry": {"type": "Point", "coordinates": [-74.658688, 40.353311]}}, {"type": "Feature", "properties": {"osmid": 7886525092}, "geometry": {"type": "Point", "coordinates": [-74.650375, 40.355959]}}, {"type": "Feature", "properties": {"osmid": 7886525096}, "geometry": {"type": "Point", "coordinates": [-74.650755, 40.355761]}}, {"type": "Feature", "properties": {"osmid": 7886525097}, "geometry": {"type": "Point", "coordinates": [-74.65181, 40.354664]}}, {"type": "Feature", "properties": {"osmid": 7886525103}, "geometry": {"type": "Point", "coordinates": [-74.652162, 40.355172]}}, {"type": "Feature", "properties": {"osmid": 7886525104}, "geometry": {"type": "Point", "coordinates": [-74.654945, 40.35675]}}, {"type": "Feature", "properties": {"osmid": 7886525107}, "geometry": {"type": "Point", "coordinates": [-74.654829, 40.356458]}}, {"type": "Feature", "properties": {"osmid": 7886694076}, "geometry": {"type": "Point", "coordinates": [-74.651121, 40.347734]}}, {"type": "Feature", "properties": {"osmid": 7886694077}, "geometry": {"type": "Point", "coordinates": [-74.651554, 40.347616]}}, {"type": "Feature", "properties": {"osmid": 7891938033}, "geometry": {"type": "Point", "coordinates": [-74.654282, 40.352177]}}, {"type": "Feature", "properties": {"osmid": 7891938034}, "geometry": {"type": "Point", "coordinates": [-74.653881, 40.351434]}}, {"type": "Feature", "properties": {"osmid": 7959283077}, "geometry": {"type": "Point", "coordinates": [-74.645199, 40.35355]}}, {"type": "Feature", "properties": {"osmid": 7959285685}, "geometry": {"type": "Point", "coordinates": [-74.645875, 40.353716]}}, {"type": "Feature", "properties": {"osmid": 7959526456}, "geometry": {"type": "Point", "coordinates": [-74.65278, 40.351531]}}, {"type": "Feature", "properties": {"osmid": 7959526457}, "geometry": {"type": "Point", "coordinates": [-74.652356, 40.351501]}}, {"type": "Feature", "properties": {"osmid": 7959526458}, "geometry": {"type": "Point", "coordinates": [-74.652521, 40.351459]}}, {"type": "Feature", "properties": {"osmid": 7959526459}, "geometry": {"type": "Point", "coordinates": [-74.651174, 40.352253]}}, {"type": "Feature", "properties": {"osmid": 7959526469}, "geometry": {"type": "Point", "coordinates": [-74.650781, 40.35237]}}, {"type": "Feature", "properties": {"osmid": 7963049155}, "geometry": {"type": "Point", "coordinates": [-74.647255, 40.347962]}}, {"type": "Feature", "properties": {"osmid": 7986791609}, "geometry": {"type": "Point", "coordinates": [-74.645173, 40.350478]}}, {"type": "Feature", "properties": {"osmid": 7986791612}, "geometry": {"type": "Point", "coordinates": [-74.644633, 40.349832]}}, {"type": "Feature", "properties": {"osmid": 7986791613}, "geometry": {"type": "Point", "coordinates": [-74.646141, 40.351856]}}, {"type": "Feature", "properties": {"osmid": 7986791616}, "geometry": {"type": "Point", "coordinates": [-74.645924, 40.351396]}}, {"type": "Feature", "properties": {"osmid": 8286801763}, "geometry": {"type": "Point", "coordinates": [-74.642609, 40.350052]}}, {"type": "Feature", "properties": {"osmid": 8286801766}, "geometry": {"type": "Point", "coordinates": [-74.64332, 40.350991]}}, {"type": "Feature", "properties": {"osmid": 8286801767}, "geometry": {"type": "Point", "coordinates": [-74.643627, 40.351396]}}, {"type": "Feature", "properties": {"osmid": 8286801768}, "geometry": {"type": "Point", "coordinates": [-74.645228, 40.353538]}}, {"type": "Feature", "properties": {"osmid": 8286801770}, "geometry": {"type": "Point", "coordinates": [-74.64138, 40.348555]}}, {"type": "Feature", "properties": {"osmid": 8286801771}, "geometry": {"type": "Point", "coordinates": [-74.641263, 40.348501]}}, {"type": "Feature", "properties": {"osmid": 8286801772}, "geometry": {"type": "Point", "coordinates": [-74.643318, 40.351097]}}, {"type": "Feature", "properties": {"osmid": 8286801773}, "geometry": {"type": "Point", "coordinates": [-74.64318, 40.351031]}}, {"type": "Feature", "properties": {"osmid": 8286801774}, "geometry": {"type": "Point", "coordinates": [-74.643199, 40.350941]}}, {"type": "Feature", "properties": {"osmid": 8286801775}, "geometry": {"type": "Point", "coordinates": [-74.642518, 40.350048]}}, {"type": "Feature", "properties": {"osmid": 8286801776}, "geometry": {"type": "Point", "coordinates": [-74.642586, 40.35014]}}, {"type": "Feature", "properties": {"osmid": 8286801777}, "geometry": {"type": "Point", "coordinates": [-74.642462, 40.350121]}}, {"type": "Feature", "properties": {"osmid": 8286801778}, "geometry": {"type": "Point", "coordinates": [-74.641849, 40.349276]}}, {"type": "Feature", "properties": {"osmid": 8286801789}, "geometry": {"type": "Point", "coordinates": [-74.645421, 40.354]}}, {"type": "Feature", "properties": {"osmid": 8286801793}, "geometry": {"type": "Point", "coordinates": [-74.644395, 40.352697]}}, {"type": "Feature", "properties": {"osmid": 8286801799}, "geometry": {"type": "Point", "coordinates": [-74.643886, 40.351973]}}, {"type": "Feature", "properties": {"osmid": 8286801800}, "geometry": {"type": "Point", "coordinates": [-74.644363, 40.352641]}}, {"type": "Feature", "properties": {"osmid": 8286801801}, "geometry": {"type": "Point", "coordinates": [-74.644849, 40.353242]}}, {"type": "Feature", "properties": {"osmid": 8286801802}, "geometry": {"type": "Point", "coordinates": [-74.643933, 40.351904]}}, {"type": "Feature", "properties": {"osmid": 8286801803}, "geometry": {"type": "Point", "coordinates": [-74.644007, 40.352005]}}, {"type": "Feature", "properties": {"osmid": 8287735718}, "geometry": {"type": "Point", "coordinates": [-74.641234, 40.348463]}}, {"type": "Feature", "properties": {"osmid": 8435403154}, "geometry": {"type": "Point", "coordinates": [-74.65701, 40.355177]}}, {"type": "Feature", "properties": {"osmid": 8435403156}, "geometry": {"type": "Point", "coordinates": [-74.656555, 40.35431]}}, {"type": "Feature", "properties": {"osmid": 8436489901}, "geometry": {"type": "Point", "coordinates": [-74.65232, 40.348555]}}, {"type": "Feature", "properties": {"osmid": 8436489903}, "geometry": {"type": "Point", "coordinates": [-74.652126, 40.349207]}}, {"type": "Feature", "properties": {"osmid": 8500384343}, "geometry": {"type": "Point", "coordinates": [-74.651704, 40.344679]}}, {"type": "Feature", "properties": {"osmid": 8554677924}, "geometry": {"type": "Point", "coordinates": [-74.643701, 40.354139]}}, {"type": "Feature", "properties": {"osmid": 8554677925}, "geometry": {"type": "Point", "coordinates": [-74.642779, 40.354543]}}, {"type": "Feature", "properties": {"osmid": 8557007089}, "geometry": {"type": "Point", "coordinates": [-74.658114, 40.353354]}}, {"type": "Feature", "properties": {"osmid": 8557007091}, "geometry": {"type": "Point", "coordinates": [-74.657705, 40.353507]}}, {"type": "Feature", "properties": {"osmid": 8558765847}, "geometry": {"type": "Point", "coordinates": [-74.64587, 40.347292]}}, {"type": "Feature", "properties": {"osmid": 8558765851}, "geometry": {"type": "Point", "coordinates": [-74.644282, 40.347996]}}, {"type": "Feature", "properties": {"osmid": 8707984863}, "geometry": {"type": "Point", "coordinates": [-74.65473, 40.347411]}}, {"type": "Feature", "properties": {"osmid": 8707984868}, "geometry": {"type": "Point", "coordinates": [-74.654445, 40.347375]}}, {"type": "Feature", "properties": {"osmid": 8776372812}, "geometry": {"type": "Point", "coordinates": [-74.657593, 40.351375]}}, {"type": "Feature", "properties": {"osmid": 8776400020}, "geometry": {"type": "Point", "coordinates": [-74.657141, 40.350495]}}, {"type": "Feature", "properties": {"osmid": 8776400028}, "geometry": {"type": "Point", "coordinates": [-74.654486, 40.351342]}}, {"type": "Feature", "properties": {"osmid": 8776400030}, "geometry": {"type": "Point", "coordinates": [-74.654678, 40.351712]}}, {"type": "Feature", "properties": {"osmid": 8776400031}, "geometry": {"type": "Point", "coordinates": [-74.654402, 40.351354]}}, {"type": "Feature", "properties": {"osmid": 8776400034}, "geometry": {"type": "Point", "coordinates": [-74.653915, 40.351498]}}, {"type": "Feature", "properties": {"osmid": 8776400035}, "geometry": {"type": "Point", "coordinates": [-74.654104, 40.351442]}}, {"type": "Feature", "properties": {"osmid": 8776400037}, "geometry": {"type": "Point", "coordinates": [-74.654004, 40.351661]}}, {"type": "Feature", "properties": {"osmid": 8793848970}, "geometry": {"type": "Point", "coordinates": [-74.65229, 40.351362]}}, {"type": "Feature", "properties": {"osmid": 8793848971}, "geometry": {"type": "Point", "coordinates": [-74.652589, 40.351281]}}, {"type": "Feature", "properties": {"osmid": 8793848972}, "geometry": {"type": "Point", "coordinates": [-74.652131, 40.350826]}}, {"type": "Feature", "properties": {"osmid": 8793848973}, "geometry": {"type": "Point", "coordinates": [-74.652166, 40.350892]}}, {"type": "Feature", "properties": {"osmid": 8793848978}, "geometry": {"type": "Point", "coordinates": [-74.652371, 40.35134]}}, {"type": "Feature", "properties": {"osmid": 8793848980}, "geometry": {"type": "Point", "coordinates": [-74.652434, 40.351481]}}, {"type": "Feature", "properties": {"osmid": 8793848985}, "geometry": {"type": "Point", "coordinates": [-74.652567, 40.351761]}}, {"type": "Feature", "properties": {"osmid": 8793848987}, "geometry": {"type": "Point", "coordinates": [-74.652853, 40.351681]}}, {"type": "Feature", "properties": {"osmid": 8942159407}, "geometry": {"type": "Point", "coordinates": [-74.661162, 40.349187]}}, {"type": "Feature", "properties": {"osmid": 8942159408}, "geometry": {"type": "Point", "coordinates": [-74.66125, 40.349366]}}, {"type": "Feature", "properties": {"osmid": 8942159409}, "geometry": {"type": "Point", "coordinates": [-74.661205, 40.349271]}}, {"type": "Feature", "properties": {"osmid": 8942159411}, "geometry": {"type": "Point", "coordinates": [-74.660552, 40.349353]}}, {"type": "Feature", "properties": {"osmid": 8942159412}, "geometry": {"type": "Point", "coordinates": [-74.6606, 40.349341]}}, {"type": "Feature", "properties": {"osmid": 8942159413}, "geometry": {"type": "Point", "coordinates": [-74.660697, 40.349316]}}, {"type": "Feature", "properties": {"osmid": 8942159414}, "geometry": {"type": "Point", "coordinates": [-74.660775, 40.349503]}}, {"type": "Feature", "properties": {"osmid": 8942159415}, "geometry": {"type": "Point", "coordinates": [-74.660732, 40.349403]}}, {"type": "Feature", "properties": {"osmid": 8942160518}, "geometry": {"type": "Point", "coordinates": [-74.661139, 40.349406]}}, {"type": "Feature", "properties": {"osmid": 8942160521}, "geometry": {"type": "Point", "coordinates": [-74.660858, 40.349481]}}, {"type": "Feature", "properties": {"osmid": 8942160522}, "geometry": {"type": "Point", "coordinates": [-74.659781, 40.349548]}}, {"type": "Feature", "properties": {"osmid": 8942160523}, "geometry": {"type": "Point", "coordinates": [-74.659879, 40.349731]}}, {"type": "Feature", "properties": {"osmid": 8942160524}, "geometry": {"type": "Point", "coordinates": [-74.659876, 40.349756]}}, {"type": "Feature", "properties": {"osmid": 8942160525}, "geometry": {"type": "Point", "coordinates": [-74.659723, 40.3498]}}, {"type": "Feature", "properties": {"osmid": 8942160527}, "geometry": {"type": "Point", "coordinates": [-74.659623, 40.349587]}}, {"type": "Feature", "properties": {"osmid": 8942160528}, "geometry": {"type": "Point", "coordinates": [-74.659669, 40.349695]}}, {"type": "Feature", "properties": {"osmid": 8942160529}, "geometry": {"type": "Point", "coordinates": [-74.659797, 40.349778]}}, {"type": "Feature", "properties": {"osmid": 8942160530}, "geometry": {"type": "Point", "coordinates": [-74.659831, 40.34965]}}, {"type": "Feature", "properties": {"osmid": 8942160531}, "geometry": {"type": "Point", "coordinates": [-74.658598, 40.350104]}}, {"type": "Feature", "properties": {"osmid": 8942160532}, "geometry": {"type": "Point", "coordinates": [-74.658487, 40.349885]}}, {"type": "Feature", "properties": {"osmid": 8942160533}, "geometry": {"type": "Point", "coordinates": [-74.658545, 40.350002]}}, {"type": "Feature", "properties": {"osmid": 8942160536}, "geometry": {"type": "Point", "coordinates": [-74.658547, 40.350118]}}, {"type": "Feature", "properties": {"osmid": 8942160537}, "geometry": {"type": "Point", "coordinates": [-74.657188, 40.350247]}}, {"type": "Feature", "properties": {"osmid": 8942160538}, "geometry": {"type": "Point", "coordinates": [-74.657282, 40.350444]}}, {"type": "Feature", "properties": {"osmid": 8942160539}, "geometry": {"type": "Point", "coordinates": [-74.657209, 40.350468]}}, {"type": "Feature", "properties": {"osmid": 8942160540}, "geometry": {"type": "Point", "coordinates": [-74.657241, 40.350356]}}, {"type": "Feature", "properties": {"osmid": 8942160541}, "geometry": {"type": "Point", "coordinates": [-74.657071, 40.3505]}}, {"type": "Feature", "properties": {"osmid": 8942160542}, "geometry": {"type": "Point", "coordinates": [-74.656908, 40.350324]}}, {"type": "Feature", "properties": {"osmid": 8942160543}, "geometry": {"type": "Point", "coordinates": [-74.657084, 40.350276]}}, {"type": "Feature", "properties": {"osmid": 8942160544}, "geometry": {"type": "Point", "coordinates": [-74.657008, 40.350427]}}, {"type": "Feature", "properties": {"osmid": 8942160545}, "geometry": {"type": "Point", "coordinates": [-74.656996, 40.350305]}}, {"type": "Feature", "properties": {"osmid": 8942160546}, "geometry": {"type": "Point", "coordinates": [-74.655547, 40.350811]}}, {"type": "Feature", "properties": {"osmid": 8942160547}, "geometry": {"type": "Point", "coordinates": [-74.655636, 40.350956]}}, {"type": "Feature", "properties": {"osmid": 8942160548}, "geometry": {"type": "Point", "coordinates": [-74.654314, 40.351372]}}, {"type": "Feature", "properties": {"osmid": 8942160549}, "geometry": {"type": "Point", "coordinates": [-74.654402, 40.351194]}}, {"type": "Feature", "properties": {"osmid": 8942160550}, "geometry": {"type": "Point", "coordinates": [-74.654438, 40.351261]}}, {"type": "Feature", "properties": {"osmid": 8942160551}, "geometry": {"type": "Point", "coordinates": [-74.654097, 40.351283]}}, {"type": "Feature", "properties": {"osmid": 8942160552}, "geometry": {"type": "Point", "coordinates": [-74.653989, 40.351319]}}, {"type": "Feature", "properties": {"osmid": 8942160553}, "geometry": {"type": "Point", "coordinates": [-74.654025, 40.351465]}}, {"type": "Feature", "properties": {"osmid": 8942160554}, "geometry": {"type": "Point", "coordinates": [-74.653957, 40.351335]}}, {"type": "Feature", "properties": {"osmid": 8942160555}, "geometry": {"type": "Point", "coordinates": [-74.65399, 40.3514]}}, {"type": "Feature", "properties": {"osmid": 8942160556}, "geometry": {"type": "Point", "coordinates": [-74.652411, 40.351811]}}, {"type": "Feature", "properties": {"osmid": 8942160558}, "geometry": {"type": "Point", "coordinates": [-74.65249, 40.351785]}}, {"type": "Feature", "properties": {"osmid": 8942160559}, "geometry": {"type": "Point", "coordinates": [-74.652597, 40.351826]}}, {"type": "Feature", "properties": {"osmid": 8942160561}, "geometry": {"type": "Point", "coordinates": [-74.652112, 40.351905]}}, {"type": "Feature", "properties": {"osmid": 8942160562}, "geometry": {"type": "Point", "coordinates": [-74.652124, 40.35197]}}, {"type": "Feature", "properties": {"osmid": 8942160563}, "geometry": {"type": "Point", "coordinates": [-74.650864, 40.352425]}}, {"type": "Feature", "properties": {"osmid": 8942160564}, "geometry": {"type": "Point", "coordinates": [-74.650802, 40.3523]}}, {"type": "Feature", "properties": {"osmid": 8942160565}, "geometry": {"type": "Point", "coordinates": [-74.65083, 40.352356]}}, {"type": "Feature", "properties": {"osmid": 8942160566}, "geometry": {"type": "Point", "coordinates": [-74.650987, 40.352389]}}, {"type": "Feature", "properties": {"osmid": 8942160567}, "geometry": {"type": "Point", "coordinates": [-74.650932, 40.352406]}}, {"type": "Feature", "properties": {"osmid": 8942160570}, "geometry": {"type": "Point", "coordinates": [-74.650498, 40.352367]}}, {"type": "Feature", "properties": {"osmid": 8942181824}, "geometry": {"type": "Point", "coordinates": [-74.655153, 40.347876]}}, {"type": "Feature", "properties": {"osmid": 8942181826}, "geometry": {"type": "Point", "coordinates": [-74.654901, 40.347768]}}, {"type": "Feature", "properties": {"osmid": 8942181827}, "geometry": {"type": "Point", "coordinates": [-74.654955, 40.347841]}}, {"type": "Feature", "properties": {"osmid": 8942181828}, "geometry": {"type": "Point", "coordinates": [-74.654983, 40.347746]}}, {"type": "Feature", "properties": {"osmid": 8942181829}, "geometry": {"type": "Point", "coordinates": [-74.655093, 40.347889]}}, {"type": "Feature", "properties": {"osmid": 8942181832}, "geometry": {"type": "Point", "coordinates": [-74.659706, 40.349789]}}, {"type": "Feature", "properties": {"osmid": 8942181837}, "geometry": {"type": "Point", "coordinates": [-74.658584, 40.34986]}}, {"type": "Feature", "properties": {"osmid": 8942181838}, "geometry": {"type": "Point", "coordinates": [-74.659704, 40.349567]}}, {"type": "Feature", "properties": {"osmid": 8942181859}, "geometry": {"type": "Point", "coordinates": [-74.660602, 40.351405]}}, {"type": "Feature", "properties": {"osmid": 8942181873}, "geometry": {"type": "Point", "coordinates": [-74.66024, 40.350612]}}, {"type": "Feature", "properties": {"osmid": 8942181874}, "geometry": {"type": "Point", "coordinates": [-74.660505, 40.351171]}}, {"type": "Feature", "properties": {"osmid": 8942181875}, "geometry": {"type": "Point", "coordinates": [-74.660529, 40.351219]}}, {"type": "Feature", "properties": {"osmid": 8942181877}, "geometry": {"type": "Point", "coordinates": [-74.660621, 40.351916]}}, {"type": "Feature", "properties": {"osmid": 8942181878}, "geometry": {"type": "Point", "coordinates": [-74.6607, 40.352079]}}, {"type": "Feature", "properties": {"osmid": 8942181881}, "geometry": {"type": "Point", "coordinates": [-74.660663, 40.351996]}}, {"type": "Feature", "properties": {"osmid": 8942181885}, "geometry": {"type": "Point", "coordinates": [-74.660194, 40.350942]}}, {"type": "Feature", "properties": {"osmid": 8942181886}, "geometry": {"type": "Point", "coordinates": [-74.660154, 40.350848]}}, {"type": "Feature", "properties": {"osmid": 8942181887}, "geometry": {"type": "Point", "coordinates": [-74.660177, 40.350884]}}, {"type": "Feature", "properties": {"osmid": 8942181890}, "geometry": {"type": "Point", "coordinates": [-74.66029, 40.351112]}}, {"type": "Feature", "properties": {"osmid": 8942181894}, "geometry": {"type": "Point", "coordinates": [-74.661214, 40.349389]}}, {"type": "Feature", "properties": {"osmid": 8942181901}, "geometry": {"type": "Point", "coordinates": [-74.661124, 40.35107]}}, {"type": "Feature", "properties": {"osmid": 8942181903}, "geometry": {"type": "Point", "coordinates": [-74.661091, 40.350998]}}, {"type": "Feature", "properties": {"osmid": 8942467658}, "geometry": {"type": "Point", "coordinates": [-74.661016, 40.350013]}}, {"type": "Feature", "properties": {"osmid": 8942467659}, "geometry": {"type": "Point", "coordinates": [-74.660963, 40.349911]}}, {"type": "Feature", "properties": {"osmid": 8942467660}, "geometry": {"type": "Point", "coordinates": [-74.660986, 40.349954]}}, {"type": "Feature", "properties": {"osmid": 8942467668}, "geometry": {"type": "Point", "coordinates": [-74.660846, 40.350457]}}, {"type": "Feature", "properties": {"osmid": 8942467673}, "geometry": {"type": "Point", "coordinates": [-74.659044, 40.351166]}}, {"type": "Feature", "properties": {"osmid": 8942467674}, "geometry": {"type": "Point", "coordinates": [-74.658926, 40.351198]}}, {"type": "Feature", "properties": {"osmid": 8942467675}, "geometry": {"type": "Point", "coordinates": [-74.658993, 40.35118]}}, {"type": "Feature", "properties": {"osmid": 8942467676}, "geometry": {"type": "Point", "coordinates": [-74.659085, 40.351244]}}, {"type": "Feature", "properties": {"osmid": 8942467677}, "geometry": {"type": "Point", "coordinates": [-74.659064, 40.351205]}}, {"type": "Feature", "properties": {"osmid": 8942467678}, "geometry": {"type": "Point", "coordinates": [-74.658831, 40.351329]}}, {"type": "Feature", "properties": {"osmid": 8942467679}, "geometry": {"type": "Point", "coordinates": [-74.658716, 40.351361]}}, {"type": "Feature", "properties": {"osmid": 8942467680}, "geometry": {"type": "Point", "coordinates": [-74.658775, 40.351345]}}, {"type": "Feature", "properties": {"osmid": 8942467682}, "geometry": {"type": "Point", "coordinates": [-74.659627, 40.351093]}}, {"type": "Feature", "properties": {"osmid": 8942467683}, "geometry": {"type": "Point", "coordinates": [-74.659374, 40.352391]}}, {"type": "Feature", "properties": {"osmid": 8942467686}, "geometry": {"type": "Point", "coordinates": [-74.659714, 40.352267]}}, {"type": "Feature", "properties": {"osmid": 8942467689}, "geometry": {"type": "Point", "coordinates": [-74.6602, 40.352072]}}, {"type": "Feature", "properties": {"osmid": 8942467690}, "geometry": {"type": "Point", "coordinates": [-74.659447, 40.352489]}}, {"type": "Feature", "properties": {"osmid": 8942467691}, "geometry": {"type": "Point", "coordinates": [-74.65926, 40.352428]}}, {"type": "Feature", "properties": {"osmid": 8942467692}, "geometry": {"type": "Point", "coordinates": [-74.659307, 40.352413]}}, {"type": "Feature", "properties": {"osmid": 8942467693}, "geometry": {"type": "Point", "coordinates": [-74.659415, 40.352438]}}, {"type": "Feature", "properties": {"osmid": 8942467694}, "geometry": {"type": "Point", "coordinates": [-74.657874, 40.351603]}}, {"type": "Feature", "properties": {"osmid": 8942467695}, "geometry": {"type": "Point", "coordinates": [-74.658456, 40.352729]}}, {"type": "Feature", "properties": {"osmid": 8942467697}, "geometry": {"type": "Point", "coordinates": [-74.658378, 40.352882]}}, {"type": "Feature", "properties": {"osmid": 8942467698}, "geometry": {"type": "Point", "coordinates": [-74.658349, 40.352842]}}, {"type": "Feature", "properties": {"osmid": 8942467699}, "geometry": {"type": "Point", "coordinates": [-74.658372, 40.352764]}}, {"type": "Feature", "properties": {"osmid": 8942467700}, "geometry": {"type": "Point", "coordinates": [-74.658778, 40.352731]}}, {"type": "Feature", "properties": {"osmid": 8942467701}, "geometry": {"type": "Point", "coordinates": [-74.657993, 40.353029]}}, {"type": "Feature", "properties": {"osmid": 8942467704}, "geometry": {"type": "Point", "coordinates": [-74.659268, 40.353353]}}, {"type": "Feature", "properties": {"osmid": 8942467706}, "geometry": {"type": "Point", "coordinates": [-74.658832, 40.352705]}}, {"type": "Feature", "properties": {"osmid": 8942467710}, "geometry": {"type": "Point", "coordinates": [-74.660982, 40.352702]}}, {"type": "Feature", "properties": {"osmid": 8942467713}, "geometry": {"type": "Point", "coordinates": [-74.66088, 40.352021]}}, {"type": "Feature", "properties": {"osmid": 8942477459}, "geometry": {"type": "Point", "coordinates": [-74.661208, 40.350916]}}, {"type": "Feature", "properties": {"osmid": 8942477460}, "geometry": {"type": "Point", "coordinates": [-74.661114, 40.35094]}}, {"type": "Feature", "properties": {"osmid": 8942477461}, "geometry": {"type": "Point", "coordinates": [-74.66049, 40.351098]}}, {"type": "Feature", "properties": {"osmid": 8942477462}, "geometry": {"type": "Point", "coordinates": [-74.65783, 40.351517]}}, {"type": "Feature", "properties": {"osmid": 8942477465}, "geometry": {"type": "Point", "coordinates": [-74.658764, 40.350939]}}, {"type": "Feature", "properties": {"osmid": 8942477466}, "geometry": {"type": "Point", "coordinates": [-74.657572, 40.351333]}}, {"type": "Feature", "properties": {"osmid": 8942477467}, "geometry": {"type": "Point", "coordinates": [-74.657765, 40.351389]}}, {"type": "Feature", "properties": {"osmid": 8942477468}, "geometry": {"type": "Point", "coordinates": [-74.657686, 40.351414]}}, {"type": "Feature", "properties": {"osmid": 8942477471}, "geometry": {"type": "Point", "coordinates": [-74.655885, 40.35185]}}, {"type": "Feature", "properties": {"osmid": 8942477474}, "geometry": {"type": "Point", "coordinates": [-74.656531, 40.351656]}}, {"type": "Feature", "properties": {"osmid": 8942477475}, "geometry": {"type": "Point", "coordinates": [-74.65657, 40.351734]}}, {"type": "Feature", "properties": {"osmid": 8942477476}, "geometry": {"type": "Point", "coordinates": [-74.656453, 40.351771]}}, {"type": "Feature", "properties": {"osmid": 8942477477}, "geometry": {"type": "Point", "coordinates": [-74.656416, 40.35169]}}, {"type": "Feature", "properties": {"osmid": 8942477478}, "geometry": {"type": "Point", "coordinates": [-74.656435, 40.351733]}}, {"type": "Feature", "properties": {"osmid": 8942477479}, "geometry": {"type": "Point", "coordinates": [-74.656494, 40.351758]}}, {"type": "Feature", "properties": {"osmid": 8942477480}, "geometry": {"type": "Point", "coordinates": [-74.656552, 40.351697]}}, {"type": "Feature", "properties": {"osmid": 8942477482}, "geometry": {"type": "Point", "coordinates": [-74.657621, 40.351434]}}, {"type": "Feature", "properties": {"osmid": 8942477484}, "geometry": {"type": "Point", "coordinates": [-74.654976, 40.352197]}}, {"type": "Feature", "properties": {"osmid": 8942477486}, "geometry": {"type": "Point", "coordinates": [-74.655232, 40.352686]}}, {"type": "Feature", "properties": {"osmid": 8942477487}, "geometry": {"type": "Point", "coordinates": [-74.655925, 40.351917]}}, {"type": "Feature", "properties": {"osmid": 8942477489}, "geometry": {"type": "Point", "coordinates": [-74.655259, 40.352724]}}, {"type": "Feature", "properties": {"osmid": 8942477490}, "geometry": {"type": "Point", "coordinates": [-74.654917, 40.3521]}}, {"type": "Feature", "properties": {"osmid": 8942477491}, "geometry": {"type": "Point", "coordinates": [-74.654775, 40.352156]}}, {"type": "Feature", "properties": {"osmid": 8942477492}, "geometry": {"type": "Point", "coordinates": [-74.654828, 40.352135]}}, {"type": "Feature", "properties": {"osmid": 8942477493}, "geometry": {"type": "Point", "coordinates": [-74.654952, 40.352168]}}, {"type": "Feature", "properties": {"osmid": 8942477496}, "geometry": {"type": "Point", "coordinates": [-74.66131, 40.349819]}}, {"type": "Feature", "properties": {"osmid": 8942477497}, "geometry": {"type": "Point", "coordinates": [-74.661037, 40.349888]}}, {"type": "Feature", "properties": {"osmid": 8942602039}, "geometry": {"type": "Point", "coordinates": [-74.660947, 40.350433]}}, {"type": "Feature", "properties": {"osmid": 8942896832}, "geometry": {"type": "Point", "coordinates": [-74.661085, 40.352547]}}, {"type": "Feature", "properties": {"osmid": 8942922942}, "geometry": {"type": "Point", "coordinates": [-74.660819, 40.351856]}}, {"type": "Feature", "properties": {"osmid": 8942927760}, "geometry": {"type": "Point", "coordinates": [-74.660546, 40.351279]}}, {"type": "Feature", "properties": {"osmid": 8942927761}, "geometry": {"type": "Point", "coordinates": [-74.66037, 40.351326]}}, {"type": "Feature", "properties": {"osmid": 8942927763}, "geometry": {"type": "Point", "coordinates": [-74.657852, 40.35156]}}, {"type": "Feature", "properties": {"osmid": 8942927769}, "geometry": {"type": "Point", "coordinates": [-74.658308, 40.352785]}}, {"type": "Feature", "properties": {"osmid": 8942927770}, "geometry": {"type": "Point", "coordinates": [-74.657318, 40.353155]}}, {"type": "Feature", "properties": {"osmid": 8942927781}, "geometry": {"type": "Point", "coordinates": [-74.65472, 40.352059]}}, {"type": "Feature", "properties": {"osmid": 8942927783}, "geometry": {"type": "Point", "coordinates": [-74.655298, 40.353085]}}, {"type": "Feature", "properties": {"osmid": 8942927784}, "geometry": {"type": "Point", "coordinates": [-74.656269, 40.352379]}}, {"type": "Feature", "properties": {"osmid": 8942927793}, "geometry": {"type": "Point", "coordinates": [-74.655821, 40.353709]}}, {"type": "Feature", "properties": {"osmid": 8942927794}, "geometry": {"type": "Point", "coordinates": [-74.655865, 40.35383]}}, {"type": "Feature", "properties": {"osmid": 8942927795}, "geometry": {"type": "Point", "coordinates": [-74.655837, 40.353786]}}, {"type": "Feature", "properties": {"osmid": 8942927796}, "geometry": {"type": "Point", "coordinates": [-74.655674, 40.353751]}}, {"type": "Feature", "properties": {"osmid": 8942927799}, "geometry": {"type": "Point", "coordinates": [-74.655687, 40.353842]}}, {"type": "Feature", "properties": {"osmid": 8942927800}, "geometry": {"type": "Point", "coordinates": [-74.655741, 40.353732]}}, {"type": "Feature", "properties": {"osmid": 8942927801}, "geometry": {"type": "Point", "coordinates": [-74.655772, 40.353874]}}, {"type": "Feature", "properties": {"osmid": 8942927802}, "geometry": {"type": "Point", "coordinates": [-74.656598, 40.353554]}}, {"type": "Feature", "properties": {"osmid": 8942927807}, "geometry": {"type": "Point", "coordinates": [-74.657491, 40.35498]}}, {"type": "Feature", "properties": {"osmid": 8942927809}, "geometry": {"type": "Point", "coordinates": [-74.656448, 40.35524]}}, {"type": "Feature", "properties": {"osmid": 8942927812}, "geometry": {"type": "Point", "coordinates": [-74.656979, 40.35511]}}, {"type": "Feature", "properties": {"osmid": 8942927814}, "geometry": {"type": "Point", "coordinates": [-74.655447, 40.353362]}}, {"type": "Feature", "properties": {"osmid": 8942927815}, "geometry": {"type": "Point", "coordinates": [-74.655519, 40.353485]}}, {"type": "Feature", "properties": {"osmid": 8942950360}, "geometry": {"type": "Point", "coordinates": [-74.657726, 40.355087]}}, {"type": "Feature", "properties": {"osmid": 8942950370}, "geometry": {"type": "Point", "coordinates": [-74.656737, 40.353498]}}, {"type": "Feature", "properties": {"osmid": 8942950371}, "geometry": {"type": "Point", "coordinates": [-74.657894, 40.353074]}}, {"type": "Feature", "properties": {"osmid": 8942950377}, "geometry": {"type": "Point", "coordinates": [-74.658841, 40.35442]}}, {"type": "Feature", "properties": {"osmid": 8942950378}, "geometry": {"type": "Point", "coordinates": [-74.658083, 40.353365]}}, {"type": "Feature", "properties": {"osmid": 8942950379}, "geometry": {"type": "Point", "coordinates": [-74.658351, 40.353787]}}, {"type": "Feature", "properties": {"osmid": 8942950389}, "geometry": {"type": "Point", "coordinates": [-74.657922, 40.353057]}}, {"type": "Feature", "properties": {"osmid": 8942950390}, "geometry": {"type": "Point", "coordinates": [-74.657363, 40.353262]}}, {"type": "Feature", "properties": {"osmid": 8942950391}, "geometry": {"type": "Point", "coordinates": [-74.657185, 40.353206]}}, {"type": "Feature", "properties": {"osmid": 8942950392}, "geometry": {"type": "Point", "coordinates": [-74.657244, 40.353185]}}, {"type": "Feature", "properties": {"osmid": 8942950393}, "geometry": {"type": "Point", "coordinates": [-74.657342, 40.353221]}}, {"type": "Feature", "properties": {"osmid": 8942950394}, "geometry": {"type": "Point", "coordinates": [-74.656654, 40.353531]}}, {"type": "Feature", "properties": {"osmid": 8942950395}, "geometry": {"type": "Point", "coordinates": [-74.655659, 40.353724]}}, {"type": "Feature", "properties": {"osmid": 8942950409}, "geometry": {"type": "Point", "coordinates": [-74.655694, 40.353916]}}, {"type": "Feature", "properties": {"osmid": 8942950410}, "geometry": {"type": "Point", "coordinates": [-74.655677, 40.353928]}}, {"type": "Feature", "properties": {"osmid": 8942950413}, "geometry": {"type": "Point", "coordinates": [-74.65625, 40.35529]}}, {"type": "Feature", "properties": {"osmid": 8942956029}, "geometry": {"type": "Point", "coordinates": [-74.654568, 40.35765]}}, {"type": "Feature", "properties": {"osmid": 8942956055}, "geometry": {"type": "Point", "coordinates": [-74.655727, 40.356631]}}, {"type": "Feature", "properties": {"osmid": 8942956058}, "geometry": {"type": "Point", "coordinates": [-74.655188, 40.356769]}}, {"type": "Feature", "properties": {"osmid": 8942956059}, "geometry": {"type": "Point", "coordinates": [-74.655674, 40.356492]}}, {"type": "Feature", "properties": {"osmid": 8942956061}, "geometry": {"type": "Point", "coordinates": [-74.655418, 40.356555]}}, {"type": "Feature", "properties": {"osmid": 8942956062}, "geometry": {"type": "Point", "coordinates": [-74.655594, 40.356511]}}, {"type": "Feature", "properties": {"osmid": 8942956063}, "geometry": {"type": "Point", "coordinates": [-74.655703, 40.356569]}}, {"type": "Feature", "properties": {"osmid": 8942963422}, "geometry": {"type": "Point", "coordinates": [-74.656344, 40.355269]}}, {"type": "Feature", "properties": {"osmid": 8942963424}, "geometry": {"type": "Point", "coordinates": [-74.656513, 40.355395]}}, {"type": "Feature", "properties": {"osmid": 8942963425}, "geometry": {"type": "Point", "coordinates": [-74.656409, 40.35542]}}, {"type": "Feature", "properties": {"osmid": 8942963426}, "geometry": {"type": "Point", "coordinates": [-74.656488, 40.355331]}}, {"type": "Feature", "properties": {"osmid": 8942963427}, "geometry": {"type": "Point", "coordinates": [-74.656314, 40.355443]}}, {"type": "Feature", "properties": {"osmid": 8942963429}, "geometry": {"type": "Point", "coordinates": [-74.656286, 40.35538]}}, {"type": "Feature", "properties": {"osmid": 8942963432}, "geometry": {"type": "Point", "coordinates": [-74.657526, 40.355048]}}, {"type": "Feature", "properties": {"osmid": 8942963433}, "geometry": {"type": "Point", "coordinates": [-74.657613, 40.355117]}}, {"type": "Feature", "properties": {"osmid": 8942963434}, "geometry": {"type": "Point", "coordinates": [-74.657644, 40.355109]}}, {"type": "Feature", "properties": {"osmid": 8945139882}, "geometry": {"type": "Point", "coordinates": [-74.65215, 40.352043]}}, {"type": "Feature", "properties": {"osmid": 8945139883}, "geometry": {"type": "Point", "coordinates": [-74.652213, 40.35203]}}, {"type": "Feature", "properties": {"osmid": 8945139884}, "geometry": {"type": "Point", "coordinates": [-74.653021, 40.354265]}}, {"type": "Feature", "properties": {"osmid": 8945139885}, "geometry": {"type": "Point", "coordinates": [-74.651741, 40.354613]}}, {"type": "Feature", "properties": {"osmid": 8945139891}, "geometry": {"type": "Point", "coordinates": [-74.651664, 40.354633]}}, {"type": "Feature", "properties": {"osmid": 8945139892}, "geometry": {"type": "Point", "coordinates": [-74.651037, 40.354806]}}, {"type": "Feature", "properties": {"osmid": 8945139895}, "geometry": {"type": "Point", "coordinates": [-74.650298, 40.352589]}}, {"type": "Feature", "properties": {"osmid": 8945139897}, "geometry": {"type": "Point", "coordinates": [-74.650227, 40.352611]}}, {"type": "Feature", "properties": {"osmid": 8945139898}, "geometry": {"type": "Point", "coordinates": [-74.650167, 40.352633]}}, {"type": "Feature", "properties": {"osmid": 8945139899}, "geometry": {"type": "Point", "coordinates": [-74.650903, 40.354851]}}, {"type": "Feature", "properties": {"osmid": 8945139900}, "geometry": {"type": "Point", "coordinates": [-74.650158, 40.355088]}}, {"type": "Feature", "properties": {"osmid": 8945139904}, "geometry": {"type": "Point", "coordinates": [-74.649413, 40.352883]}}, {"type": "Feature", "properties": {"osmid": 8945139905}, "geometry": {"type": "Point", "coordinates": [-74.649285, 40.352919]}}, {"type": "Feature", "properties": {"osmid": 8945139906}, "geometry": {"type": "Point", "coordinates": [-74.649344, 40.352902]}}, {"type": "Feature", "properties": {"osmid": 8945139908}, "geometry": {"type": "Point", "coordinates": [-74.650024, 40.355126]}}, {"type": "Feature", "properties": {"osmid": 8945139910}, "geometry": {"type": "Point", "coordinates": [-74.649616, 40.355253]}}, {"type": "Feature", "properties": {"osmid": 8945139912}, "geometry": {"type": "Point", "coordinates": [-74.650055, 40.355232]}}, {"type": "Feature", "properties": {"osmid": 8945139913}, "geometry": {"type": "Point", "coordinates": [-74.650183, 40.355196]}}, {"type": "Feature", "properties": {"osmid": 8945139914}, "geometry": {"type": "Point", "coordinates": [-74.650039, 40.355179]}}, {"type": "Feature", "properties": {"osmid": 8945139915}, "geometry": {"type": "Point", "coordinates": [-74.650083, 40.355109]}}, {"type": "Feature", "properties": {"osmid": 8945139916}, "geometry": {"type": "Point", "coordinates": [-74.650119, 40.355214]}}, {"type": "Feature", "properties": {"osmid": 8945165617}, "geometry": {"type": "Point", "coordinates": [-74.65017, 40.35514]}}, {"type": "Feature", "properties": {"osmid": 8945165618}, "geometry": {"type": "Point", "coordinates": [-74.648844, 40.355606]}}, {"type": "Feature", "properties": {"osmid": 8945165619}, "geometry": {"type": "Point", "coordinates": [-74.650363, 40.356167]}}, {"type": "Feature", "properties": {"osmid": 8945165621}, "geometry": {"type": "Point", "coordinates": [-74.647909, 40.35677]}}, {"type": "Feature", "properties": {"osmid": 8945165623}, "geometry": {"type": "Point", "coordinates": [-74.645646, 40.353992]}}, {"type": "Feature", "properties": {"osmid": 8945165626}, "geometry": {"type": "Point", "coordinates": [-74.647317, 40.356041]}}, {"type": "Feature", "properties": {"osmid": 8945165627}, "geometry": {"type": "Point", "coordinates": [-74.650508, 40.356121]}}, {"type": "Feature", "properties": {"osmid": 8945165628}, "geometry": {"type": "Point", "coordinates": [-74.650549, 40.35623]}}, {"type": "Feature", "properties": {"osmid": 8945165629}, "geometry": {"type": "Point", "coordinates": [-74.650394, 40.356282]}}, {"type": "Feature", "properties": {"osmid": 8945165630}, "geometry": {"type": "Point", "coordinates": [-74.650378, 40.356223]}}, {"type": "Feature", "properties": {"osmid": 8945165631}, "geometry": {"type": "Point", "coordinates": [-74.650434, 40.356144]}}, {"type": "Feature", "properties": {"osmid": 8945165632}, "geometry": {"type": "Point", "coordinates": [-74.65047, 40.356257]}}, {"type": "Feature", "properties": {"osmid": 8945165633}, "geometry": {"type": "Point", "coordinates": [-74.647987, 40.356897]}}, {"type": "Feature", "properties": {"osmid": 8945165635}, "geometry": {"type": "Point", "coordinates": [-74.647676, 40.356836]}}, {"type": "Feature", "properties": {"osmid": 8945165636}, "geometry": {"type": "Point", "coordinates": [-74.647887, 40.356769]}}, {"type": "Feature", "properties": {"osmid": 8945165637}, "geometry": {"type": "Point", "coordinates": [-74.647782, 40.35679]}}, {"type": "Feature", "properties": {"osmid": 8945165638}, "geometry": {"type": "Point", "coordinates": [-74.64788, 40.356927]}}, {"type": "Feature", "properties": {"osmid": 8945165640}, "geometry": {"type": "Point", "coordinates": [-74.64672, 40.353681]}}, {"type": "Feature", "properties": {"osmid": 8945165641}, "geometry": {"type": "Point", "coordinates": [-74.647097, 40.354276]}}, {"type": "Feature", "properties": {"osmid": 8945165642}, "geometry": {"type": "Point", "coordinates": [-74.646782, 40.353663]}}, {"type": "Feature", "properties": {"osmid": 8945165644}, "geometry": {"type": "Point", "coordinates": [-74.647701, 40.353395]}}, {"type": "Feature", "properties": {"osmid": 8945165648}, "geometry": {"type": "Point", "coordinates": [-74.648137, 40.353104]}}, {"type": "Feature", "properties": {"osmid": 8945165650}, "geometry": {"type": "Point", "coordinates": [-74.645536, 40.353874]}}, {"type": "Feature", "properties": {"osmid": 8945165651}, "geometry": {"type": "Point", "coordinates": [-74.645386, 40.353935]}}, {"type": "Feature", "properties": {"osmid": 8945165652}, "geometry": {"type": "Point", "coordinates": [-74.645499, 40.354042]}}, {"type": "Feature", "properties": {"osmid": 8945165654}, "geometry": {"type": "Point", "coordinates": [-74.645484, 40.353902]}}, {"type": "Feature", "properties": {"osmid": 8945165655}, "geometry": {"type": "Point", "coordinates": [-74.645576, 40.354018]}}, {"type": "Feature", "properties": {"osmid": 8945165656}, "geometry": {"type": "Point", "coordinates": [-74.645604, 40.353932]}}, {"type": "Feature", "properties": {"osmid": 8945165658}, "geometry": {"type": "Point", "coordinates": [-74.646657, 40.355449]}}, {"type": "Feature", "properties": {"osmid": 8945165686}, "geometry": {"type": "Point", "coordinates": [-74.645747, 40.354343]}}, {"type": "Feature", "properties": {"osmid": 8945165687}, "geometry": {"type": "Point", "coordinates": [-74.645928, 40.354564]}}, {"type": "Feature", "properties": {"osmid": 8945165688}, "geometry": {"type": "Point", "coordinates": [-74.646081, 40.354749]}}, {"type": "Feature", "properties": {"osmid": 8945165689}, "geometry": {"type": "Point", "coordinates": [-74.646264, 40.354972]}}, {"type": "Feature", "properties": {"osmid": 8945165693}, "geometry": {"type": "Point", "coordinates": [-74.64649, 40.357229]}}, {"type": "Feature", "properties": {"osmid": 8945165703}, "geometry": {"type": "Point", "coordinates": [-74.646927, 40.356377]}}, {"type": "Feature", "properties": {"osmid": 8945165705}, "geometry": {"type": "Point", "coordinates": [-74.646424, 40.357254]}}, {"type": "Feature", "properties": {"osmid": 8945165706}, "geometry": {"type": "Point", "coordinates": [-74.646309, 40.357284]}}, {"type": "Feature", "properties": {"osmid": 8945165707}, "geometry": {"type": "Point", "coordinates": [-74.646577, 40.357345]}}, {"type": "Feature", "properties": {"osmid": 8945165709}, "geometry": {"type": "Point", "coordinates": [-74.646515, 40.357362]}}, {"type": "Feature", "properties": {"osmid": 8945165712}, "geometry": {"type": "Point", "coordinates": [-74.647752, 40.356957]}}, {"type": "Feature", "properties": {"osmid": 8945165713}, "geometry": {"type": "Point", "coordinates": [-74.647784, 40.356961]}}, {"type": "Feature", "properties": {"osmid": 8945165714}, "geometry": {"type": "Point", "coordinates": [-74.648267, 40.357602]}}, {"type": "Feature", "properties": {"osmid": 8947336443}, "geometry": {"type": "Point", "coordinates": [-74.644882, 40.353288]}}, {"type": "Feature", "properties": {"osmid": 8947336444}, "geometry": {"type": "Point", "coordinates": [-74.644819, 40.353211]}}, {"type": "Feature", "properties": {"osmid": 8947336445}, "geometry": {"type": "Point", "coordinates": [-74.643589, 40.353851]}}, {"type": "Feature", "properties": {"osmid": 8947336446}, "geometry": {"type": "Point", "coordinates": [-74.64398, 40.354361]}}, {"type": "Feature", "properties": {"osmid": 8947336450}, "geometry": {"type": "Point", "coordinates": [-74.644786, 40.354111]}}, {"type": "Feature", "properties": {"osmid": 8947336452}, "geometry": {"type": "Point", "coordinates": [-74.643896, 40.354401]}}, {"type": "Feature", "properties": {"osmid": 8947336453}, "geometry": {"type": "Point", "coordinates": [-74.644098, 40.354505]}}, {"type": "Feature", "properties": {"osmid": 8947336454}, "geometry": {"type": "Point", "coordinates": [-74.644038, 40.354432]}}, {"type": "Feature", "properties": {"osmid": 8947336455}, "geometry": {"type": "Point", "coordinates": [-74.645455, 40.354053]}}, {"type": "Feature", "properties": {"osmid": 8947336459}, "geometry": {"type": "Point", "coordinates": [-74.643323, 40.354847]}}, {"type": "Feature", "properties": {"osmid": 8947336465}, "geometry": {"type": "Point", "coordinates": [-74.64457, 40.356734]}}, {"type": "Feature", "properties": {"osmid": 8947336470}, "geometry": {"type": "Point", "coordinates": [-74.645344, 40.356602]}}, {"type": "Feature", "properties": {"osmid": 8947336471}, "geometry": {"type": "Point", "coordinates": [-74.64392, 40.354582]}}, {"type": "Feature", "properties": {"osmid": 8947336472}, "geometry": {"type": "Point", "coordinates": [-74.644332, 40.354409]}}, {"type": "Feature", "properties": {"osmid": 8947336473}, "geometry": {"type": "Point", "coordinates": [-74.644871, 40.354237]}}, {"type": "Feature", "properties": {"osmid": 8947336474}, "geometry": {"type": "Point", "coordinates": [-74.644411, 40.356721]}}, {"type": "Feature", "properties": {"osmid": 8947336475}, "geometry": {"type": "Point", "coordinates": [-74.644486, 40.356727]}}, {"type": "Feature", "properties": {"osmid": 8947336476}, "geometry": {"type": "Point", "coordinates": [-74.643201, 40.354906]}}, {"type": "Feature", "properties": {"osmid": 8947355328}, "geometry": {"type": "Point", "coordinates": [-74.642099, 40.355235]}}, {"type": "Feature", "properties": {"osmid": 8947355331}, "geometry": {"type": "Point", "coordinates": [-74.642942, 40.354844]}}, {"type": "Feature", "properties": {"osmid": 8947355332}, "geometry": {"type": "Point", "coordinates": [-74.643267, 40.354874]}}, {"type": "Feature", "properties": {"osmid": 8947355333}, "geometry": {"type": "Point", "coordinates": [-74.643039, 40.354797]}}, {"type": "Feature", "properties": {"osmid": 8947355334}, "geometry": {"type": "Point", "coordinates": [-74.64299, 40.354821]}}, {"type": "Feature", "properties": {"osmid": 8947355346}, "geometry": {"type": "Point", "coordinates": [-74.643838, 40.354429]}}, {"type": "Feature", "properties": {"osmid": 8947355347}, "geometry": {"type": "Point", "coordinates": [-74.643452, 40.353917]}}, {"type": "Feature", "properties": {"osmid": 8947355348}, "geometry": {"type": "Point", "coordinates": [-74.642667, 40.354264]}}, {"type": "Feature", "properties": {"osmid": 8947355349}, "geometry": {"type": "Point", "coordinates": [-74.64364, 40.354166]}}, {"type": "Feature", "properties": {"osmid": 8947355350}, "geometry": {"type": "Point", "coordinates": [-74.643374, 40.353813]}}, {"type": "Feature", "properties": {"osmid": 8947355351}, "geometry": {"type": "Point", "coordinates": [-74.643531, 40.353756]}}, {"type": "Feature", "properties": {"osmid": 8947355352}, "geometry": {"type": "Point", "coordinates": [-74.643411, 40.353862]}}, {"type": "Feature", "properties": {"osmid": 8947355353}, "geometry": {"type": "Point", "coordinates": [-74.643441, 40.353789]}}, {"type": "Feature", "properties": {"osmid": 8947355354}, "geometry": {"type": "Point", "coordinates": [-74.643514, 40.353887]}}, {"type": "Feature", "properties": {"osmid": 8947355355}, "geometry": {"type": "Point", "coordinates": [-74.643556, 40.353798]}}, {"type": "Feature", "properties": {"osmid": 8947355356}, "geometry": {"type": "Point", "coordinates": [-74.642586, 40.354164]}}, {"type": "Feature", "properties": {"osmid": 8947355357}, "geometry": {"type": "Point", "coordinates": [-74.642215, 40.353662]}}, {"type": "Feature", "properties": {"osmid": 8947355358}, "geometry": {"type": "Point", "coordinates": [-74.643005, 40.353326]}}, {"type": "Feature", "properties": {"osmid": 8947355359}, "geometry": {"type": "Point", "coordinates": [-74.643153, 40.353256]}}, {"type": "Feature", "properties": {"osmid": 8947355360}, "geometry": {"type": "Point", "coordinates": [-74.643071, 40.353159]}}, {"type": "Feature", "properties": {"osmid": 8947355362}, "geometry": {"type": "Point", "coordinates": [-74.642958, 40.353262]}}, {"type": "Feature", "properties": {"osmid": 8947355363}, "geometry": {"type": "Point", "coordinates": [-74.643072, 40.353294]}}, {"type": "Feature", "properties": {"osmid": 8947355364}, "geometry": {"type": "Point", "coordinates": [-74.643104, 40.353198]}}, {"type": "Feature", "properties": {"osmid": 8948883210}, "geometry": {"type": "Point", "coordinates": [-74.643851, 40.351928]}}, {"type": "Feature", "properties": {"osmid": 8948883216}, "geometry": {"type": "Point", "coordinates": [-74.643221, 40.351086]}}, {"type": "Feature", "properties": {"osmid": 8948900817}, "geometry": {"type": "Point", "coordinates": [-74.64325, 40.351125]}}, {"type": "Feature", "properties": {"osmid": 8948900818}, "geometry": {"type": "Point", "coordinates": [-74.643392, 40.351086]}}, {"type": "Feature", "properties": {"osmid": 8948900819}, "geometry": {"type": "Point", "coordinates": [-74.643143, 40.35098]}}, {"type": "Feature", "properties": {"osmid": 8948900820}, "geometry": {"type": "Point", "coordinates": [-74.64327, 40.350926]}}, {"type": "Feature", "properties": {"osmid": 8948900883}, "geometry": {"type": "Point", "coordinates": [-74.641327, 40.348585]}}, {"type": "Feature", "properties": {"osmid": 8948900885}, "geometry": {"type": "Point", "coordinates": [-74.641455, 40.348527]}}, {"type": "Feature", "properties": {"osmid": 8948900886}, "geometry": {"type": "Point", "coordinates": [-74.642659, 40.350118]}}, {"type": "Feature", "properties": {"osmid": 8948900887}, "geometry": {"type": "Point", "coordinates": [-74.64258, 40.350013]}}, {"type": "Feature", "properties": {"osmid": 8948900888}, "geometry": {"type": "Point", "coordinates": [-74.642433, 40.350089]}}, {"type": "Feature", "properties": {"osmid": 8948900889}, "geometry": {"type": "Point", "coordinates": [-74.642501, 40.350175]}}, {"type": "Feature", "properties": {"osmid": 8948900890}, "geometry": {"type": "Point", "coordinates": [-74.644071, 40.351991]}}, {"type": "Feature", "properties": {"osmid": 8948900891}, "geometry": {"type": "Point", "coordinates": [-74.643993, 40.351887]}}, {"type": "Feature", "properties": {"osmid": 8948900892}, "geometry": {"type": "Point", "coordinates": [-74.64393, 40.352025]}}, {"type": "Feature", "properties": {"osmid": 8948900893}, "geometry": {"type": "Point", "coordinates": [-74.644488, 40.35255]}}, {"type": "Feature", "properties": {"osmid": 8948900894}, "geometry": {"type": "Point", "coordinates": [-74.644345, 40.352611]}}, {"type": "Feature", "properties": {"osmid": 8948900895}, "geometry": {"type": "Point", "coordinates": [-74.644423, 40.352577]}}, {"type": "Feature", "properties": {"osmid": 8948900897}, "geometry": {"type": "Point", "coordinates": [-74.642996, 40.353191]}}, {"type": "Feature", "properties": {"osmid": 8948900899}, "geometry": {"type": "Point", "coordinates": [-74.642557, 40.352461]}}, {"type": "Feature", "properties": {"osmid": 8948900901}, "geometry": {"type": "Point", "coordinates": [-74.642471, 40.352489]}}, {"type": "Feature", "properties": {"osmid": 8948900902}, "geometry": {"type": "Point", "coordinates": [-74.641546, 40.352784]}}, {"type": "Feature", "properties": {"osmid": 8948900904}, "geometry": {"type": "Point", "coordinates": [-74.642172, 40.353613]}}, {"type": "Feature", "properties": {"osmid": 8948900905}, "geometry": {"type": "Point", "coordinates": [-74.642626, 40.354213]}}, {"type": "Feature", "properties": {"osmid": 8948900907}, "geometry": {"type": "Point", "coordinates": [-74.642857, 40.354509]}}, {"type": "Feature", "properties": {"osmid": 8948900911}, "geometry": {"type": "Point", "coordinates": [-74.641392, 40.352833]}}, {"type": "Feature", "properties": {"osmid": 8948919374}, "geometry": {"type": "Point", "coordinates": [-74.656319, 40.349296]}}, {"type": "Feature", "properties": {"osmid": 8948919375}, "geometry": {"type": "Point", "coordinates": [-74.656147, 40.34935]}}, {"type": "Feature", "properties": {"osmid": 8948919376}, "geometry": {"type": "Point", "coordinates": [-74.656391, 40.349395]}}, {"type": "Feature", "properties": {"osmid": 8948919377}, "geometry": {"type": "Point", "coordinates": [-74.656182, 40.349404]}}, {"type": "Feature", "properties": {"osmid": 8948919378}, "geometry": {"type": "Point", "coordinates": [-74.656216, 40.349325]}}, {"type": "Feature", "properties": {"osmid": 8948919379}, "geometry": {"type": "Point", "coordinates": [-74.6563, 40.34943]}}, {"type": "Feature", "properties": {"osmid": 8948919383}, "geometry": {"type": "Point", "coordinates": [-74.656573, 40.349638]}}, {"type": "Feature", "properties": {"osmid": 8948919389}, "geometry": {"type": "Point", "coordinates": [-74.655023, 40.349886]}}, {"type": "Feature", "properties": {"osmid": 8948919390}, "geometry": {"type": "Point", "coordinates": [-74.654141, 40.350194]}}, {"type": "Feature", "properties": {"osmid": 8948919391}, "geometry": {"type": "Point", "coordinates": [-74.654329, 40.351218]}}, {"type": "Feature", "properties": {"osmid": 8948919392}, "geometry": {"type": "Point", "coordinates": [-74.655105, 40.349858]}}, {"type": "Feature", "properties": {"osmid": 8948919393}, "geometry": {"type": "Point", "coordinates": [-74.654605, 40.351133]}}, {"type": "Feature", "properties": {"osmid": 8948919394}, "geometry": {"type": "Point", "coordinates": [-74.656639, 40.349972]}}, {"type": "Feature", "properties": {"osmid": 8948919395}, "geometry": {"type": "Point", "coordinates": [-74.653133, 40.351593]}}, {"type": "Feature", "properties": {"osmid": 8948919396}, "geometry": {"type": "Point", "coordinates": [-74.653761, 40.351397]}}, {"type": "Feature", "properties": {"osmid": 8948919400}, "geometry": {"type": "Point", "coordinates": [-74.653493, 40.350406]}}, {"type": "Feature", "properties": {"osmid": 8948919402}, "geometry": {"type": "Point", "coordinates": [-74.652966, 40.350612]}}, {"type": "Feature", "properties": {"osmid": 8948919403}, "geometry": {"type": "Point", "coordinates": [-74.6522, 40.35075]}}, {"type": "Feature", "properties": {"osmid": 8948919404}, "geometry": {"type": "Point", "coordinates": [-74.651949, 40.350834]}}, {"type": "Feature", "properties": {"osmid": 8948919405}, "geometry": {"type": "Point", "coordinates": [-74.652111, 40.350776]}}, {"type": "Feature", "properties": {"osmid": 8948919406}, "geometry": {"type": "Point", "coordinates": [-74.652031, 40.350804]}}, {"type": "Feature", "properties": {"osmid": 8948919412}, "geometry": {"type": "Point", "coordinates": [-74.652359, 40.348637]}}, {"type": "Feature", "properties": {"osmid": 8948919413}, "geometry": {"type": "Point", "coordinates": [-74.65125, 40.348938]}}, {"type": "Feature", "properties": {"osmid": 8948919414}, "geometry": {"type": "Point", "coordinates": [-74.651769, 40.350009]}}, {"type": "Feature", "properties": {"osmid": 8948919415}, "geometry": {"type": "Point", "coordinates": [-74.651522, 40.349496]}}, {"type": "Feature", "properties": {"osmid": 8948919416}, "geometry": {"type": "Point", "coordinates": [-74.653496, 40.350286]}}, {"type": "Feature", "properties": {"osmid": 8948926317}, "geometry": {"type": "Point", "coordinates": [-74.654407, 40.349979]}}, {"type": "Feature", "properties": {"osmid": 8948926318}, "geometry": {"type": "Point", "coordinates": [-74.651639, 40.350168]}}, {"type": "Feature", "properties": {"osmid": 8948926320}, "geometry": {"type": "Point", "coordinates": [-74.651669, 40.350034]}}, {"type": "Feature", "properties": {"osmid": 8948926321}, "geometry": {"type": "Point", "coordinates": [-74.651402, 40.349645]}}, {"type": "Feature", "properties": {"osmid": 8948926328}, "geometry": {"type": "Point", "coordinates": [-74.650218, 40.349219]}}, {"type": "Feature", "properties": {"osmid": 8948926329}, "geometry": {"type": "Point", "coordinates": [-74.64938, 40.349445]}}, {"type": "Feature", "properties": {"osmid": 8948926333}, "geometry": {"type": "Point", "coordinates": [-74.652129, 40.351208]}}, {"type": "Feature", "properties": {"osmid": 8948926334}, "geometry": {"type": "Point", "coordinates": [-74.652309, 40.351603]}}, {"type": "Feature", "properties": {"osmid": 8948926336}, "geometry": {"type": "Point", "coordinates": [-74.649318, 40.349456]}}, {"type": "Feature", "properties": {"osmid": 8948926338}, "geometry": {"type": "Point", "coordinates": [-74.650996, 40.348815]}}, {"type": "Feature", "properties": {"osmid": 8948926339}, "geometry": {"type": "Point", "coordinates": [-74.651036, 40.348902]}}, {"type": "Feature", "properties": {"osmid": 8948926340}, "geometry": {"type": "Point", "coordinates": [-74.653654, 40.348278]}}, {"type": "Feature", "properties": {"osmid": 8948926342}, "geometry": {"type": "Point", "coordinates": [-74.652139, 40.348507]}}, {"type": "Feature", "properties": {"osmid": 8948926345}, "geometry": {"type": "Point", "coordinates": [-74.651554, 40.348656]}}, {"type": "Feature", "properties": {"osmid": 8948926346}, "geometry": {"type": "Point", "coordinates": [-74.6476, 40.349734]}}, {"type": "Feature", "properties": {"osmid": 8948926347}, "geometry": {"type": "Point", "coordinates": [-74.648505, 40.349497]}}, {"type": "Feature", "properties": {"osmid": 8948926349}, "geometry": {"type": "Point", "coordinates": [-74.649846, 40.34913]}}, {"type": "Feature", "properties": {"osmid": 8948926350}, "geometry": {"type": "Point", "coordinates": [-74.650557, 40.348935]}}, {"type": "Feature", "properties": {"osmid": 8948926351}, "geometry": {"type": "Point", "coordinates": [-74.647438, 40.349784]}}, {"type": "Feature", "properties": {"osmid": 8948926352}, "geometry": {"type": "Point", "coordinates": [-74.647514, 40.349949]}}, {"type": "Feature", "properties": {"osmid": 8948926353}, "geometry": {"type": "Point", "coordinates": [-74.647473, 40.34986]}}, {"type": "Feature", "properties": {"osmid": 8948926354}, "geometry": {"type": "Point", "coordinates": [-74.64752, 40.349753]}}, {"type": "Feature", "properties": {"osmid": 8948926355}, "geometry": {"type": "Point", "coordinates": [-74.6477, 40.349712]}}, {"type": "Feature", "properties": {"osmid": 8948926356}, "geometry": {"type": "Point", "coordinates": [-74.647788, 40.349867]}}, {"type": "Feature", "properties": {"osmid": 8948926357}, "geometry": {"type": "Point", "coordinates": [-74.647746, 40.349789]}}, {"type": "Feature", "properties": {"osmid": 8948926359}, "geometry": {"type": "Point", "coordinates": [-74.647636, 40.349915]}}, {"type": "Feature", "properties": {"osmid": 8948926360}, "geometry": {"type": "Point", "coordinates": [-74.647718, 40.34989]}}, {"type": "Feature", "properties": {"osmid": 8948926362}, "geometry": {"type": "Point", "coordinates": [-74.646205, 40.350313]}}, {"type": "Feature", "properties": {"osmid": 8948926363}, "geometry": {"type": "Point", "coordinates": [-74.646093, 40.350158]}}, {"type": "Feature", "properties": {"osmid": 8948926364}, "geometry": {"type": "Point", "coordinates": [-74.646133, 40.350213]}}, {"type": "Feature", "properties": {"osmid": 8948926365}, "geometry": {"type": "Point", "coordinates": [-74.645208, 40.348993]}}, {"type": "Feature", "properties": {"osmid": 8948926366}, "geometry": {"type": "Point", "coordinates": [-74.646676, 40.348344]}}, {"type": "Feature", "properties": {"osmid": 8948926368}, "geometry": {"type": "Point", "coordinates": [-74.646728, 40.349985]}}, {"type": "Feature", "properties": {"osmid": 8948930373}, "geometry": {"type": "Point", "coordinates": [-74.646854, 40.348254]}}, {"type": "Feature", "properties": {"osmid": 8948930374}, "geometry": {"type": "Point", "coordinates": [-74.646748, 40.348114]}}, {"type": "Feature", "properties": {"osmid": 8948930375}, "geometry": {"type": "Point", "coordinates": [-74.646573, 40.348198]}}, {"type": "Feature", "properties": {"osmid": 8948930376}, "geometry": {"type": "Point", "coordinates": [-74.646617, 40.348257]}}, {"type": "Feature", "properties": {"osmid": 8948930377}, "geometry": {"type": "Point", "coordinates": [-74.646648, 40.348162]}}, {"type": "Feature", "properties": {"osmid": 8948930378}, "geometry": {"type": "Point", "coordinates": [-74.646757, 40.348302]}}, {"type": "Feature", "properties": {"osmid": 8948930379}, "geometry": {"type": "Point", "coordinates": [-74.646792, 40.348174]}}, {"type": "Feature", "properties": {"osmid": 8948930380}, "geometry": {"type": "Point", "coordinates": [-74.644956, 40.349109]}}, {"type": "Feature", "properties": {"osmid": 8948930381}, "geometry": {"type": "Point", "coordinates": [-74.644934, 40.348935]}}, {"type": "Feature", "properties": {"osmid": 8948930382}, "geometry": {"type": "Point", "coordinates": [-74.645106, 40.348855]}}, {"type": "Feature", "properties": {"osmid": 8948930383}, "geometry": {"type": "Point", "coordinates": [-74.644897, 40.349032]}}, {"type": "Feature", "properties": {"osmid": 8948930384}, "geometry": {"type": "Point", "coordinates": [-74.644977, 40.348916]}}, {"type": "Feature", "properties": {"osmid": 8948930385}, "geometry": {"type": "Point", "coordinates": [-74.645082, 40.349052]}}, {"type": "Feature", "properties": {"osmid": 8948930386}, "geometry": {"type": "Point", "coordinates": [-74.645153, 40.348919]}}, {"type": "Feature", "properties": {"osmid": 8948930387}, "geometry": {"type": "Point", "coordinates": [-74.645798, 40.350233]}}, {"type": "Feature", "properties": {"osmid": 8948930388}, "geometry": {"type": "Point", "coordinates": [-74.645125, 40.350417]}}, {"type": "Feature", "properties": {"osmid": 8948930389}, "geometry": {"type": "Point", "coordinates": [-74.644876, 40.349004]}}, {"type": "Feature", "properties": {"osmid": 8948930391}, "geometry": {"type": "Point", "coordinates": [-74.646053, 40.350351]}}, {"type": "Feature", "properties": {"osmid": 8948930392}, "geometry": {"type": "Point", "coordinates": [-74.64592, 40.350384]}}, {"type": "Feature", "properties": {"osmid": 8948930393}, "geometry": {"type": "Point", "coordinates": [-74.645846, 40.350292]}}, {"type": "Feature", "properties": {"osmid": 8948930394}, "geometry": {"type": "Point", "coordinates": [-74.646523, 40.351184]}}, {"type": "Feature", "properties": {"osmid": 8948930395}, "geometry": {"type": "Point", "coordinates": [-74.644604, 40.35075]}}, {"type": "Feature", "properties": {"osmid": 8948930396}, "geometry": {"type": "Point", "coordinates": [-74.646781, 40.351069]}}, {"type": "Feature", "properties": {"osmid": 8948930397}, "geometry": {"type": "Point", "coordinates": [-74.646856, 40.351173]}}, {"type": "Feature", "properties": {"osmid": 8948930399}, "geometry": {"type": "Point", "coordinates": [-74.646597, 40.35128]}}, {"type": "Feature", "properties": {"osmid": 8948930400}, "geometry": {"type": "Point", "coordinates": [-74.64655, 40.351219]}}, {"type": "Feature", "properties": {"osmid": 8948930401}, "geometry": {"type": "Point", "coordinates": [-74.646643, 40.351131]}}, {"type": "Feature", "properties": {"osmid": 8948930402}, "geometry": {"type": "Point", "coordinates": [-74.646722, 40.351235]}}, {"type": "Feature", "properties": {"osmid": 8948930403}, "geometry": {"type": "Point", "coordinates": [-74.646817, 40.351121]}}, {"type": "Feature", "properties": {"osmid": 8948930404}, "geometry": {"type": "Point", "coordinates": [-74.64817, 40.350595]}}, {"type": "Feature", "properties": {"osmid": 8948930405}, "geometry": {"type": "Point", "coordinates": [-74.648826, 40.351415]}}, {"type": "Feature", "properties": {"osmid": 8948930406}, "geometry": {"type": "Point", "coordinates": [-74.647481, 40.352002]}}, {"type": "Feature", "properties": {"osmid": 8948930407}, "geometry": {"type": "Point", "coordinates": [-74.647229, 40.352112]}}, {"type": "Feature", "properties": {"osmid": 8948930410}, "geometry": {"type": "Point", "coordinates": [-74.646107, 40.352683]}}, {"type": "Feature", "properties": {"osmid": 8948930416}, "geometry": {"type": "Point", "coordinates": [-74.644993, 40.353224]}}, {"type": "Feature", "properties": {"osmid": 8948948323}, "geometry": {"type": "Point", "coordinates": [-74.647312, 40.352211]}}, {"type": "Feature", "properties": {"osmid": 8948948324}, "geometry": {"type": "Point", "coordinates": [-74.648011, 40.353141]}}, {"type": "Feature", "properties": {"osmid": 8948948325}, "geometry": {"type": "Point", "coordinates": [-74.649631, 40.352648]}}, {"type": "Feature", "properties": {"osmid": 8948948326}, "geometry": {"type": "Point", "coordinates": [-74.648881, 40.351515]}}, {"type": "Feature", "properties": {"osmid": 8948948327}, "geometry": {"type": "Point", "coordinates": [-74.647553, 40.352102]}}, {"type": "Feature", "properties": {"osmid": 8948948328}, "geometry": {"type": "Point", "coordinates": [-74.648261, 40.353065]}}, {"type": "Feature", "properties": {"osmid": 8948948329}, "geometry": {"type": "Point", "coordinates": [-74.647267, 40.352157]}}, {"type": "Feature", "properties": {"osmid": 8948948330}, "geometry": {"type": "Point", "coordinates": [-74.647347, 40.352061]}}, {"type": "Feature", "properties": {"osmid": 8948948331}, "geometry": {"type": "Point", "coordinates": [-74.647423, 40.352161]}}, {"type": "Feature", "properties": {"osmid": 8948948332}, "geometry": {"type": "Point", "coordinates": [-74.647513, 40.352047]}}, {"type": "Feature", "properties": {"osmid": 8948948333}, "geometry": {"type": "Point", "coordinates": [-74.648844, 40.351448]}}, {"type": "Feature", "properties": {"osmid": 8948948335}, "geometry": {"type": "Point", "coordinates": [-74.649711, 40.352615]}}, {"type": "Feature", "properties": {"osmid": 8948948336}, "geometry": {"type": "Point", "coordinates": [-74.649786, 40.352573]}}, {"type": "Feature", "properties": {"osmid": 8948948340}, "geometry": {"type": "Point", "coordinates": [-74.648069, 40.350482]}}, {"type": "Feature", "properties": {"osmid": 8948948341}, "geometry": {"type": "Point", "coordinates": [-74.648116, 40.350535]}}, {"type": "Feature", "properties": {"osmid": 8948948344}, "geometry": {"type": "Point", "coordinates": [-74.65073, 40.352314]}}, {"type": "Feature", "properties": {"osmid": 8948948345}, "geometry": {"type": "Point", "coordinates": [-74.651144, 40.352195]}}, {"type": "Feature", "properties": {"osmid": 8948948346}, "geometry": {"type": "Point", "coordinates": [-74.651528, 40.35208]}}, {"type": "Feature", "properties": {"osmid": 8948948347}, "geometry": {"type": "Point", "coordinates": [-74.650449, 40.35238]}}, {"type": "Feature", "properties": {"osmid": 8948948348}, "geometry": {"type": "Point", "coordinates": [-74.650408, 40.352304]}}, {"type": "Feature", "properties": {"osmid": 8948948349}, "geometry": {"type": "Point", "coordinates": [-74.650475, 40.352322]}}, {"type": "Feature", "properties": {"osmid": 8948948352}, "geometry": {"type": "Point", "coordinates": [-74.650333, 40.352504]}}, {"type": "Feature", "properties": {"osmid": 8948948353}, "geometry": {"type": "Point", "coordinates": [-74.650317, 40.352419]}}, {"type": "Feature", "properties": {"osmid": 8948948354}, "geometry": {"type": "Point", "coordinates": [-74.650427, 40.35234]}}, {"type": "Feature", "properties": {"osmid": 8948948357}, "geometry": {"type": "Point", "coordinates": [-74.65234, 40.351994]}}, {"type": "Feature", "properties": {"osmid": 8948948358}, "geometry": {"type": "Point", "coordinates": [-74.652285, 40.352003]}}, {"type": "Feature", "properties": {"osmid": 8948948359}, "geometry": {"type": "Point", "coordinates": [-74.651527, 40.352215]}}, {"type": "Feature", "properties": {"osmid": 8949756532}, "geometry": {"type": "Point", "coordinates": [-74.648245, 40.357306]}}, {"type": "Feature", "properties": {"osmid": 8949756536}, "geometry": {"type": "Point", "coordinates": [-74.650544, 40.356725]}}, {"type": "Feature", "properties": {"osmid": 8949756537}, "geometry": {"type": "Point", "coordinates": [-74.64831, 40.357395]}}, {"type": "Feature", "properties": {"osmid": 8949756538}, "geometry": {"type": "Point", "coordinates": [-74.648273, 40.357344]}}, {"type": "Feature", "properties": {"osmid": 8949756539}, "geometry": {"type": "Point", "coordinates": [-74.650588, 40.356835]}}, {"type": "Feature", "properties": {"osmid": 8949756540}, "geometry": {"type": "Point", "coordinates": [-74.650563, 40.356773]}}, {"type": "Feature", "properties": {"osmid": 8949756543}, "geometry": {"type": "Point", "coordinates": [-74.648768, 40.357983]}}, {"type": "Feature", "properties": {"osmid": 8949756544}, "geometry": {"type": "Point", "coordinates": [-74.648739, 40.35795]}}, {"type": "Feature", "properties": {"osmid": 8949756546}, "geometry": {"type": "Point", "coordinates": [-74.648301, 40.35765]}}, {"type": "Feature", "properties": {"osmid": 8949756554}, "geometry": {"type": "Point", "coordinates": [-74.651578, 40.358704]}}, {"type": "Feature", "properties": {"osmid": 8949756555}, "geometry": {"type": "Point", "coordinates": [-74.651376, 40.358681]}}, {"type": "Feature", "properties": {"osmid": 8949756556}, "geometry": {"type": "Point", "coordinates": [-74.651492, 40.358728]}}, {"type": "Feature", "properties": {"osmid": 8949756557}, "geometry": {"type": "Point", "coordinates": [-74.651529, 40.358644]}}, {"type": "Feature", "properties": {"osmid": 8950126280}, "geometry": {"type": "Point", "coordinates": [-74.651999, 40.358465]}}, {"type": "Feature", "properties": {"osmid": 8950126292}, "geometry": {"type": "Point", "coordinates": [-74.652162, 40.35855]}}, {"type": "Feature", "properties": {"osmid": 8950126295}, "geometry": {"type": "Point", "coordinates": [-74.654554, 40.358063]}}, {"type": "Feature", "properties": {"osmid": 8950126297}, "geometry": {"type": "Point", "coordinates": [-74.654928, 40.356678]}}, {"type": "Feature", "properties": {"osmid": 8950126300}, "geometry": {"type": "Point", "coordinates": [-74.65586, 40.356601]}}, {"type": "Feature", "properties": {"osmid": 8950126301}, "geometry": {"type": "Point", "coordinates": [-74.656672, 40.35625]}}, {"type": "Feature", "properties": {"osmid": 8950126304}, "geometry": {"type": "Point", "coordinates": [-74.656717, 40.356392]}}, {"type": "Feature", "properties": {"osmid": 8950126305}, "geometry": {"type": "Point", "coordinates": [-74.656657, 40.356254]}}, {"type": "Feature", "properties": {"osmid": 8950126306}, "geometry": {"type": "Point", "coordinates": [-74.656693, 40.356338]}}, {"type": "Feature", "properties": {"osmid": 8950126308}, "geometry": {"type": "Point", "coordinates": [-74.656755, 40.356229]}}, {"type": "Feature", "properties": {"osmid": 8950126309}, "geometry": {"type": "Point", "coordinates": [-74.656864, 40.356202]}}, {"type": "Feature", "properties": {"osmid": 8950179469}, "geometry": {"type": "Point", "coordinates": [-74.653163, 40.354342]}}, {"type": "Feature", "properties": {"osmid": 8950179470}, "geometry": {"type": "Point", "coordinates": [-74.653054, 40.354366]}}, {"type": "Feature", "properties": {"osmid": 8950179472}, "geometry": {"type": "Point", "coordinates": [-74.653039, 40.35432]}}, {"type": "Feature", "properties": {"osmid": 8950179473}, "geometry": {"type": "Point", "coordinates": [-74.653064, 40.354253]}}, {"type": "Feature", "properties": {"osmid": 8950179474}, "geometry": {"type": "Point", "coordinates": [-74.6531, 40.354356]}}, {"type": "Feature", "properties": {"osmid": 8950179475}, "geometry": {"type": "Point", "coordinates": [-74.653151, 40.354289]}}, {"type": "Feature", "properties": {"osmid": 8950179476}, "geometry": {"type": "Point", "coordinates": [-74.651064, 40.354913]}}, {"type": "Feature", "properties": {"osmid": 8950179477}, "geometry": {"type": "Point", "coordinates": [-74.651838, 40.354705]}}, {"type": "Feature", "properties": {"osmid": 8950179478}, "geometry": {"type": "Point", "coordinates": [-74.65094, 40.354954]}}, {"type": "Feature", "properties": {"osmid": 8950179479}, "geometry": {"type": "Point", "coordinates": [-74.650926, 40.354914]}}, {"type": "Feature", "properties": {"osmid": 8950179480}, "geometry": {"type": "Point", "coordinates": [-74.650969, 40.35483]}}, {"type": "Feature", "properties": {"osmid": 8950179481}, "geometry": {"type": "Point", "coordinates": [-74.651002, 40.354928]}}, {"type": "Feature", "properties": {"osmid": 8950179482}, "geometry": {"type": "Point", "coordinates": [-74.651053, 40.354877]}}, {"type": "Feature", "properties": {"osmid": 8950179493}, "geometry": {"type": "Point", "coordinates": [-74.650445, 40.355942]}}, {"type": "Feature", "properties": {"osmid": 8950179505}, "geometry": {"type": "Point", "coordinates": [-74.653141, 40.354246]}}, {"type": "Feature", "properties": {"osmid": 8950181717}, "geometry": {"type": "Point", "coordinates": [-74.652877, 40.35182]}}, {"type": "Feature", "properties": {"osmid": 8950181720}, "geometry": {"type": "Point", "coordinates": [-74.652635, 40.351893]}}, {"type": "Feature", "properties": {"osmid": 8950181721}, "geometry": {"type": "Point", "coordinates": [-74.653132, 40.354235]}}, {"type": "Feature", "properties": {"osmid": 8950181722}, "geometry": {"type": "Point", "coordinates": [-74.653952, 40.353869]}}, {"type": "Feature", "properties": {"osmid": 8950181724}, "geometry": {"type": "Point", "coordinates": [-74.654017, 40.353832]}}, {"type": "Feature", "properties": {"osmid": 8950181727}, "geometry": {"type": "Point", "coordinates": [-74.655262, 40.353027]}}, {"type": "Feature", "properties": {"osmid": 8950181728}, "geometry": {"type": "Point", "coordinates": [-74.654671, 40.353421]}}, {"type": "Feature", "properties": {"osmid": 8950181729}, "geometry": {"type": "Point", "coordinates": [-74.641023, 40.348187]}}, {"type": "Feature", "properties": {"osmid": 8950181733}, "geometry": {"type": "Point", "coordinates": [-74.640556, 40.348773]}}, {"type": "Feature", "properties": {"osmid": 9036853428}, "geometry": {"type": "Point", "coordinates": [-74.651076, 40.348891]}}, {"type": "Feature", "properties": {"osmid": 9036853432}, "geometry": {"type": "Point", "coordinates": [-74.65072, 40.347969]}}, {"type": "Feature", "properties": {"osmid": 9036853433}, "geometry": {"type": "Point", "coordinates": [-74.651035, 40.348804]}}, {"type": "Feature", "properties": {"osmid": 9046885145}, "geometry": {"type": "Point", "coordinates": [-74.652977, 40.354002]}}, {"type": "Feature", "properties": {"osmid": 9046885146}, "geometry": {"type": "Point", "coordinates": [-74.652929, 40.354012]}}, {"type": "Feature", "properties": {"osmid": 9046885147}, "geometry": {"type": "Point", "coordinates": [-74.652483, 40.354127]}}, {"type": "Feature", "properties": {"osmid": 9735506396}, "geometry": {"type": "Point", "coordinates": [-74.659752, 40.349672]}}, {"type": "Feature", "properties": {"osmid": 9756588665}, "geometry": {"type": "Point", "coordinates": [-74.650596, 40.351449]}}, {"type": "Feature", "properties": {"osmid": 9756588678}, "geometry": {"type": "Point", "coordinates": [-74.65237, 40.35225]}}, {"type": "Feature", "properties": {"osmid": 9756588680}, "geometry": {"type": "Point", "coordinates": [-74.652137, 40.352526]}}, {"type": "Feature", "properties": {"osmid": 9756588681}, "geometry": {"type": "Point", "coordinates": [-74.652299, 40.352268]}}, {"type": "Feature", "properties": {"osmid": 9756588682}, "geometry": {"type": "Point", "coordinates": [-74.652158, 40.352305]}}, {"type": "Feature", "properties": {"osmid": 9756588683}, "geometry": {"type": "Point", "coordinates": [-74.65207, 40.352117]}}, {"type": "Feature", "properties": {"osmid": 9756588685}, "geometry": {"type": "Point", "coordinates": [-74.652112, 40.352053]}}, {"type": "Feature", "properties": {"osmid": 9756588688}, "geometry": {"type": "Point", "coordinates": [-74.651978, 40.352089]}}, {"type": "Feature", "properties": {"osmid": 9758228784}, "geometry": {"type": "Point", "coordinates": [-74.650538, 40.351336]}}, {"type": "Feature", "properties": {"osmid": 9956366936}, "geometry": {"type": "Point", "coordinates": [-74.654298, 40.345104]}}, {"type": "Feature", "properties": {"osmid": 9956379008}, "geometry": {"type": "Point", "coordinates": [-74.655422, 40.347703]}}, {"type": "Feature", "properties": {"osmid": 9959259072}, "geometry": {"type": "Point", "coordinates": [-74.655049, 40.349931]}}, {"type": "Feature", "properties": {"osmid": 9959259073}, "geometry": {"type": "Point", "coordinates": [-74.654991, 40.349834]}}, {"type": "Feature", "properties": {"osmid": 9959259074}, "geometry": {"type": "Point", "coordinates": [-74.654959, 40.349783]}}, {"type": "Feature", "properties": {"osmid": 9959259076}, "geometry": {"type": "Point", "coordinates": [-74.654458, 40.349101]}}, {"type": "Feature", "properties": {"osmid": 9959259077}, "geometry": {"type": "Point", "coordinates": [-74.654752, 40.349472]}}, {"type": "Feature", "properties": {"osmid": 9959259078}, "geometry": {"type": "Point", "coordinates": [-74.655404, 40.349621]}}, {"type": "Feature", "properties": {"osmid": 9959259080}, "geometry": {"type": "Point", "coordinates": [-74.654844, 40.349588]}}, {"type": "Feature", "properties": {"osmid": 9959259081}, "geometry": {"type": "Point", "coordinates": [-74.654501, 40.349155]}}, {"type": "Feature", "properties": {"osmid": 9959259082}, "geometry": {"type": "Point", "coordinates": [-74.655598, 40.348645]}}, {"type": "Feature", "properties": {"osmid": 9959259087}, "geometry": {"type": "Point", "coordinates": [-74.655202, 40.348829]}}, {"type": "Feature", "properties": {"osmid": 9959259088}, "geometry": {"type": "Point", "coordinates": [-74.655215, 40.348823]}}, {"type": "Feature", "properties": {"osmid": 9959259089}, "geometry": {"type": "Point", "coordinates": [-74.655181, 40.348778]}}, {"type": "Feature", "properties": {"osmid": 9959259090}, "geometry": {"type": "Point", "coordinates": [-74.655523, 40.34855]}}, {"type": "Feature", "properties": {"osmid": 9959259091}, "geometry": {"type": "Point", "coordinates": [-74.655513, 40.348685]}}, {"type": "Feature", "properties": {"osmid": 9959259097}, "geometry": {"type": "Point", "coordinates": [-74.653989, 40.348955]}}, {"type": "Feature", "properties": {"osmid": 9959259099}, "geometry": {"type": "Point", "coordinates": [-74.657499, 40.348213]}}, {"type": "Feature", "properties": {"osmid": 9959259101}, "geometry": {"type": "Point", "coordinates": [-74.657328, 40.348253]}}, {"type": "Feature", "properties": {"osmid": 9959259102}, "geometry": {"type": "Point", "coordinates": [-74.657437, 40.348493]}}, {"type": "Feature", "properties": {"osmid": 9959259103}, "geometry": {"type": "Point", "coordinates": [-74.657506, 40.348614]}}, {"type": "Feature", "properties": {"osmid": 9959259105}, "geometry": {"type": "Point", "coordinates": [-74.657597, 40.348441]}}, {"type": "Feature", "properties": {"osmid": 9959259106}, "geometry": {"type": "Point", "coordinates": [-74.657818, 40.348557]}}, {"type": "Feature", "properties": {"osmid": 9959273718}, "geometry": {"type": "Point", "coordinates": [-74.656077, 40.34832]}}, {"type": "Feature", "properties": {"osmid": 9959273719}, "geometry": {"type": "Point", "coordinates": [-74.655919, 40.348261]}}, {"type": "Feature", "properties": {"osmid": 9959273720}, "geometry": {"type": "Point", "coordinates": [-74.655694, 40.3483]}}, {"type": "Feature", "properties": {"osmid": 9959273721}, "geometry": {"type": "Point", "coordinates": [-74.655732, 40.348398]}}, {"type": "Feature", "properties": {"osmid": 10031433591}, "geometry": {"type": "Point", "coordinates": [-74.652601, 40.343592]}}, {"type": "Feature", "properties": {"osmid": 10031479519}, "geometry": {"type": "Point", "coordinates": [-74.65124, 40.34453]}}, {"type": "Feature", "properties": {"osmid": 10031479520}, "geometry": {"type": "Point", "coordinates": [-74.651284, 40.344587]}}, {"type": "Feature", "properties": {"osmid": 10031479521}, "geometry": {"type": "Point", "coordinates": [-74.650995, 40.344709]}}, {"type": "Feature", "properties": {"osmid": 10031479522}, "geometry": {"type": "Point", "coordinates": [-74.651838, 40.344237]}}, {"type": "Feature", "properties": {"osmid": 10031479523}, "geometry": {"type": "Point", "coordinates": [-74.651899, 40.344322]}}, {"type": "Feature", "properties": {"osmid": 10031479554}, "geometry": {"type": "Point", "coordinates": [-74.649835, 40.343858]}}, {"type": "Feature", "properties": {"osmid": 10031479562}, "geometry": {"type": "Point", "coordinates": [-74.649428, 40.343844]}}, {"type": "Feature", "properties": {"osmid": 10031479573}, "geometry": {"type": "Point", "coordinates": [-74.650879, 40.345133]}}, {"type": "Feature", "properties": {"osmid": 10031479574}, "geometry": {"type": "Point", "coordinates": [-74.650924, 40.345206]}}, {"type": "Feature", "properties": {"osmid": 10031479576}, "geometry": {"type": "Point", "coordinates": [-74.65103, 40.345341]}}, {"type": "Feature", "properties": {"osmid": 10031479581}, "geometry": {"type": "Point", "coordinates": [-74.651367, 40.345602]}}, {"type": "Feature", "properties": {"osmid": 10031479582}, "geometry": {"type": "Point", "coordinates": [-74.651495, 40.345655]}}, {"type": "Feature", "properties": {"osmid": 10031479586}, "geometry": {"type": "Point", "coordinates": [-74.650916, 40.345561]}}, {"type": "Feature", "properties": {"osmid": 10031479587}, "geometry": {"type": "Point", "coordinates": [-74.651089, 40.345437]}}, {"type": "Feature", "properties": {"osmid": 10031479588}, "geometry": {"type": "Point", "coordinates": [-74.651551, 40.345235]}}, {"type": "Feature", "properties": {"osmid": 10031479589}, "geometry": {"type": "Point", "coordinates": [-74.651012, 40.345492]}}, {"type": "Feature", "properties": {"osmid": 10031479590}, "geometry": {"type": "Point", "coordinates": [-74.651116, 40.345424]}}, {"type": "Feature", "properties": {"osmid": 10031479591}, "geometry": {"type": "Point", "coordinates": [-74.651018, 40.34544]}}, {"type": "Feature", "properties": {"osmid": 10031479595}, "geometry": {"type": "Point", "coordinates": [-74.650907, 40.345232]}}, {"type": "Feature", "properties": {"osmid": 10031488864}, "geometry": {"type": "Point", "coordinates": [-74.651884, 40.342718]}}, {"type": "Feature", "properties": {"osmid": 10031499535}, "geometry": {"type": "Point", "coordinates": [-74.652142, 40.343147]}}, {"type": "Feature", "properties": {"osmid": 10031499539}, "geometry": {"type": "Point", "coordinates": [-74.651833, 40.34284]}}, {"type": "Feature", "properties": {"osmid": 10031499552}, "geometry": {"type": "Point", "coordinates": [-74.652149, 40.34262]}}, {"type": "Feature", "properties": {"osmid": 10031499554}, "geometry": {"type": "Point", "coordinates": [-74.652059, 40.342666]}}, {"type": "Feature", "properties": {"osmid": 10031499556}, "geometry": {"type": "Point", "coordinates": [-74.652017, 40.342721]}}, {"type": "Feature", "properties": {"osmid": 10031499571}, "geometry": {"type": "Point", "coordinates": [-74.652499, 40.343489]}}, {"type": "Feature", "properties": {"osmid": 10031520208}, "geometry": {"type": "Point", "coordinates": [-74.645452, 40.34667]}}, {"type": "Feature", "properties": {"osmid": 10031535262}, "geometry": {"type": "Point", "coordinates": [-74.649486, 40.347055]}}, {"type": "Feature", "properties": {"osmid": 10031535267}, "geometry": {"type": "Point", "coordinates": [-74.646754, 40.348085]}}, {"type": "Feature", "properties": {"osmid": 10031535326}, "geometry": {"type": "Point", "coordinates": [-74.653702, 40.34626]}}, {"type": "Feature", "properties": {"osmid": 10031535342}, "geometry": {"type": "Point", "coordinates": [-74.653124, 40.345864]}}, {"type": "Feature", "properties": {"osmid": 10031580321}, "geometry": {"type": "Point", "coordinates": [-74.645281, 40.346751]}}, {"type": "Feature", "properties": {"osmid": 10031580323}, "geometry": {"type": "Point", "coordinates": [-74.643955, 40.347335]}}, {"type": "Feature", "properties": {"osmid": 10031580324}, "geometry": {"type": "Point", "coordinates": [-74.644224, 40.347215]}}, {"type": "Feature", "properties": {"osmid": 10031580326}, "geometry": {"type": "Point", "coordinates": [-74.645092, 40.346829]}}, {"type": "Feature", "properties": {"osmid": 10031580328}, "geometry": {"type": "Point", "coordinates": [-74.645347, 40.34682]}}, {"type": "Feature", "properties": {"osmid": 10031580329}, "geometry": {"type": "Point", "coordinates": [-74.645819, 40.347318]}}, {"type": "Feature", "properties": {"osmid": 10031580335}, "geometry": {"type": "Point", "coordinates": [-74.645345, 40.346722]}}, {"type": "Feature", "properties": {"osmid": 10031580347}, "geometry": {"type": "Point", "coordinates": [-74.64464, 40.346958]}}, {"type": "Feature", "properties": {"osmid": 10031580361}, "geometry": {"type": "Point", "coordinates": [-74.644168, 40.347093]}}, {"type": "Feature", "properties": {"osmid": 10031580362}, "geometry": {"type": "Point", "coordinates": [-74.644732, 40.346992]}}, {"type": "Feature", "properties": {"osmid": 10031580374}, "geometry": {"type": "Point", "coordinates": [-74.64377, 40.347098]}}, {"type": "Feature", "properties": {"osmid": 10031580376}, "geometry": {"type": "Point", "coordinates": [-74.644179, 40.347155]}}, {"type": "Feature", "properties": {"osmid": 10031580378}, "geometry": {"type": "Point", "coordinates": [-74.644114, 40.347223]}}, {"type": "Feature", "properties": {"osmid": 10031580380}, "geometry": {"type": "Point", "coordinates": [-74.644076, 40.347281]}}, {"type": "Feature", "properties": {"osmid": 10031580406}, "geometry": {"type": "Point", "coordinates": [-74.643914, 40.347062]}}, {"type": "Feature", "properties": {"osmid": 10031580407}, "geometry": {"type": "Point", "coordinates": [-74.643796, 40.347016]}}, {"type": "Feature", "properties": {"osmid": 10031580409}, "geometry": {"type": "Point", "coordinates": [-74.643646, 40.346934]}}, {"type": "Feature", "properties": {"osmid": 10031580420}, "geometry": {"type": "Point", "coordinates": [-74.644411, 40.347939]}}, {"type": "Feature", "properties": {"osmid": 10031580421}, "geometry": {"type": "Point", "coordinates": [-74.644282, 40.347292]}}, {"type": "Feature", "properties": {"osmid": 10031580422}, "geometry": {"type": "Point", "coordinates": [-74.645388, 40.346863]}}, {"type": "Feature", "properties": {"osmid": 10031580432}, "geometry": {"type": "Point", "coordinates": [-74.644312, 40.347333]}}, {"type": "Feature", "properties": {"osmid": 10031580433}, "geometry": {"type": "Point", "coordinates": [-74.644339, 40.347371]}}, {"type": "Feature", "properties": {"osmid": 10031580438}, "geometry": {"type": "Point", "coordinates": [-74.65375, 40.346249]}}, {"type": "Feature", "properties": {"osmid": 10031580445}, "geometry": {"type": "Point", "coordinates": [-74.654884, 40.347759]}}, {"type": "Feature", "properties": {"osmid": 10031580456}, "geometry": {"type": "Point", "coordinates": [-74.653827, 40.34634]}}, {"type": "Feature", "properties": {"osmid": 10031580457}, "geometry": {"type": "Point", "coordinates": [-74.65395, 40.346311]}}, {"type": "Feature", "properties": {"osmid": 10031580458}, "geometry": {"type": "Point", "coordinates": [-74.653947, 40.3462]}}, {"type": "Feature", "properties": {"osmid": 10031580459}, "geometry": {"type": "Point", "coordinates": [-74.653835, 40.346228]}}, {"type": "Feature", "properties": {"osmid": 10031580460}, "geometry": {"type": "Point", "coordinates": [-74.653785, 40.346291]}}, {"type": "Feature", "properties": {"osmid": 10031580461}, "geometry": {"type": "Point", "coordinates": [-74.653907, 40.346322]}}, {"type": "Feature", "properties": {"osmid": 10031646681}, "geometry": {"type": "Point", "coordinates": [-74.654094, 40.34639]}}, {"type": "Feature", "properties": {"osmid": 10031646682}, "geometry": {"type": "Point", "coordinates": [-74.653881, 40.346216]}}, {"type": "Feature", "properties": {"osmid": 10031646689}, "geometry": {"type": "Point", "coordinates": [-74.654415, 40.346244]}}, {"type": "Feature", "properties": {"osmid": 10031646694}, "geometry": {"type": "Point", "coordinates": [-74.655043, 40.346027]}}, {"type": "Feature", "properties": {"osmid": 10031646706}, "geometry": {"type": "Point", "coordinates": [-74.653504, 40.345334]}}, {"type": "Feature", "properties": {"osmid": 10031646707}, "geometry": {"type": "Point", "coordinates": [-74.65345, 40.34557]}}, {"type": "Feature", "properties": {"osmid": 10031646714}, "geometry": {"type": "Point", "coordinates": [-74.653497, 40.34532]}}, {"type": "Feature", "properties": {"osmid": 10031648425}, "geometry": {"type": "Point", "coordinates": [-74.651088, 40.345883]}}, {"type": "Feature", "properties": {"osmid": 10031648433}, "geometry": {"type": "Point", "coordinates": [-74.650732, 40.345231]}}, {"type": "Feature", "properties": {"osmid": 10031648434}, "geometry": {"type": "Point", "coordinates": [-74.650905, 40.345175]}}, {"type": "Feature", "properties": {"osmid": 10031648435}, "geometry": {"type": "Point", "coordinates": [-74.65088, 40.345183]}}, {"type": "Feature", "properties": {"osmid": 10031648437}, "geometry": {"type": "Point", "coordinates": [-74.650592, 40.34498]}}, {"type": "Feature", "properties": {"osmid": 10031648438}, "geometry": {"type": "Point", "coordinates": [-74.650848, 40.345126]}}, {"type": "Feature", "properties": {"osmid": 10031648439}, "geometry": {"type": "Point", "coordinates": [-74.650638, 40.345062]}}, {"type": "Feature", "properties": {"osmid": 10031648440}, "geometry": {"type": "Point", "coordinates": [-74.650694, 40.345045]}}, {"type": "Feature", "properties": {"osmid": 10031648441}, "geometry": {"type": "Point", "coordinates": [-74.650573, 40.344945]}}, {"type": "Feature", "properties": {"osmid": 10031648470}, "geometry": {"type": "Point", "coordinates": [-74.657367, 40.346021]}}, {"type": "Feature", "properties": {"osmid": 10031648472}, "geometry": {"type": "Point", "coordinates": [-74.657036, 40.346091]}}, {"type": "Feature", "properties": {"osmid": 10031648473}, "geometry": {"type": "Point", "coordinates": [-74.656292, 40.34637]}}, {"type": "Feature", "properties": {"osmid": 10031648474}, "geometry": {"type": "Point", "coordinates": [-74.656897, 40.346381]}}, {"type": "Feature", "properties": {"osmid": 10031648477}, "geometry": {"type": "Point", "coordinates": [-74.65746, 40.346237]}}, {"type": "Feature", "properties": {"osmid": 10031648478}, "geometry": {"type": "Point", "coordinates": [-74.657629, 40.346593]}}, {"type": "Feature", "properties": {"osmid": 10031648493}, "geometry": {"type": "Point", "coordinates": [-74.656359, 40.346403]}}, {"type": "Feature", "properties": {"osmid": 10031648497}, "geometry": {"type": "Point", "coordinates": [-74.656567, 40.346038]}}, {"type": "Feature", "properties": {"osmid": 10031648498}, "geometry": {"type": "Point", "coordinates": [-74.656519, 40.345934]}}, {"type": "Feature", "properties": {"osmid": 10031648499}, "geometry": {"type": "Point", "coordinates": [-74.656568, 40.346791]}}, {"type": "Feature", "properties": {"osmid": 10031648506}, "geometry": {"type": "Point", "coordinates": [-74.657855, 40.345532]}}, {"type": "Feature", "properties": {"osmid": 10031648527}, "geometry": {"type": "Point", "coordinates": [-74.655208, 40.344712]}}, {"type": "Feature", "properties": {"osmid": 10031651436}, "geometry": {"type": "Point", "coordinates": [-74.655582, 40.344144]}}, {"type": "Feature", "properties": {"osmid": 10031651437}, "geometry": {"type": "Point", "coordinates": [-74.654261, 40.344513]}}, {"type": "Feature", "properties": {"osmid": 10031651441}, "geometry": {"type": "Point", "coordinates": [-74.657093, 40.344238]}}, {"type": "Feature", "properties": {"osmid": 10031667301}, "geometry": {"type": "Point", "coordinates": [-74.653986, 40.345058]}}, {"type": "Feature", "properties": {"osmid": 10031667304}, "geometry": {"type": "Point", "coordinates": [-74.654005, 40.345183]}}, {"type": "Feature", "properties": {"osmid": 10031667308}, "geometry": {"type": "Point", "coordinates": [-74.653955, 40.34531]}}, {"type": "Feature", "properties": {"osmid": 10031667312}, "geometry": {"type": "Point", "coordinates": [-74.655889, 40.345988]}}, {"type": "Feature", "properties": {"osmid": 10031667316}, "geometry": {"type": "Point", "coordinates": [-74.655883, 40.346089]}}, {"type": "Feature", "properties": {"osmid": 10031682226}, "geometry": {"type": "Point", "coordinates": [-74.654684, 40.347428]}}, {"type": "Feature", "properties": {"osmid": 10031682228}, "geometry": {"type": "Point", "coordinates": [-74.654589, 40.347837]}}, {"type": "Feature", "properties": {"osmid": 10031682229}, "geometry": {"type": "Point", "coordinates": [-74.654505, 40.347654]}}, {"type": "Feature", "properties": {"osmid": 10031682376}, "geometry": {"type": "Point", "coordinates": [-74.649241, 40.348863]}}, {"type": "Feature", "properties": {"osmid": 10031685694}, "geometry": {"type": "Point", "coordinates": [-74.655836, 40.348948]}}, {"type": "Feature", "properties": {"osmid": 10031685695}, "geometry": {"type": "Point", "coordinates": [-74.655642, 40.349035]}}, {"type": "Feature", "properties": {"osmid": 10031685698}, "geometry": {"type": "Point", "coordinates": [-74.655511, 40.348829]}}, {"type": "Feature", "properties": {"osmid": 10031685699}, "geometry": {"type": "Point", "coordinates": [-74.65552, 40.348681]}}, {"type": "Feature", "properties": {"osmid": 10031685701}, "geometry": {"type": "Point", "coordinates": [-74.655484, 40.348842]}}, {"type": "Feature", "properties": {"osmid": 10031685702}, "geometry": {"type": "Point", "coordinates": [-74.655683, 40.349017]}}, {"type": "Feature", "properties": {"osmid": 10031685705}, "geometry": {"type": "Point", "coordinates": [-74.655587, 40.349554]}}, {"type": "Feature", "properties": {"osmid": 10031685706}, "geometry": {"type": "Point", "coordinates": [-74.655424, 40.349348]}}, {"type": "Feature", "properties": {"osmid": 10031685715}, "geometry": {"type": "Point", "coordinates": [-74.655283, 40.348253]}}, {"type": "Feature", "properties": {"osmid": 10031688818}, "geometry": {"type": "Point", "coordinates": [-74.655171, 40.348118]}}, {"type": "Feature", "properties": {"osmid": 10031688819}, "geometry": {"type": "Point", "coordinates": [-74.655181, 40.348204]}}, {"type": "Feature", "properties": {"osmid": 10034141912}, "geometry": {"type": "Point", "coordinates": [-74.649707, 40.35011]}}, {"type": "Feature", "properties": {"osmid": 10034141915}, "geometry": {"type": "Point", "coordinates": [-74.649643, 40.350127]}}, {"type": "Feature", "properties": {"osmid": 10034181318}, "geometry": {"type": "Point", "coordinates": [-74.64883, 40.350334]}}, {"type": "Feature", "properties": {"osmid": 10034181336}, "geometry": {"type": "Point", "coordinates": [-74.651319, 40.348157]}}, {"type": "Feature", "properties": {"osmid": 10034181337}, "geometry": {"type": "Point", "coordinates": [-74.651888, 40.347947]}}, {"type": "Feature", "properties": {"osmid": 10034181339}, "geometry": {"type": "Point", "coordinates": [-74.652063, 40.347938]}}, {"type": "Feature", "properties": {"osmid": 10034181344}, "geometry": {"type": "Point", "coordinates": [-74.652074, 40.34796]}}, {"type": "Feature", "properties": {"osmid": 10034181345}, "geometry": {"type": "Point", "coordinates": [-74.652332, 40.347894]}}, {"type": "Feature", "properties": {"osmid": 10034181346}, "geometry": {"type": "Point", "coordinates": [-74.652122, 40.347948]}}, {"type": "Feature", "properties": {"osmid": 10034181350}, "geometry": {"type": "Point", "coordinates": [-74.652108, 40.348018]}}, {"type": "Feature", "properties": {"osmid": 10034181351}, "geometry": {"type": "Point", "coordinates": [-74.651646, 40.348116]}}, {"type": "Feature", "properties": {"osmid": 10034181352}, "geometry": {"type": "Point", "coordinates": [-74.651604, 40.348029]}}, {"type": "Feature", "properties": {"osmid": 10034181353}, "geometry": {"type": "Point", "coordinates": [-74.651625, 40.348073]}}, {"type": "Feature", "properties": {"osmid": 10034181354}, "geometry": {"type": "Point", "coordinates": [-74.651168, 40.344636]}}, {"type": "Feature", "properties": {"osmid": 10034181355}, "geometry": {"type": "Point", "coordinates": [-74.651387, 40.344922]}}, {"type": "Feature", "properties": {"osmid": 10034181356}, "geometry": {"type": "Point", "coordinates": [-74.651203, 40.344681]}}, {"type": "Feature", "properties": {"osmid": 10034181372}, "geometry": {"type": "Point", "coordinates": [-74.65013, 40.34363]}}, {"type": "Feature", "properties": {"osmid": 10034181375}, "geometry": {"type": "Point", "coordinates": [-74.64936, 40.343926]}}, {"type": "Feature", "properties": {"osmid": 10034181380}, "geometry": {"type": "Point", "coordinates": [-74.649222, 40.343818]}}, {"type": "Feature", "properties": {"osmid": 10034181388}, "geometry": {"type": "Point", "coordinates": [-74.649393, 40.343789]}}, {"type": "Feature", "properties": {"osmid": 10034181391}, "geometry": {"type": "Point", "coordinates": [-74.6488, 40.344353]}}, {"type": "Feature", "properties": {"osmid": 10034181394}, "geometry": {"type": "Point", "coordinates": [-74.648657, 40.343964]}}, {"type": "Feature", "properties": {"osmid": 10034181397}, "geometry": {"type": "Point", "coordinates": [-74.648767, 40.344163]}}, {"type": "Feature", "properties": {"osmid": 10034239432}, "geometry": {"type": "Point", "coordinates": [-74.659312, 40.345972]}}, {"type": "Feature", "properties": {"osmid": 10034239438}, "geometry": {"type": "Point", "coordinates": [-74.659158, 40.34578]}}, {"type": "Feature", "properties": {"osmid": 10034247612}, "geometry": {"type": "Point", "coordinates": [-74.660332, 40.347125]}}, {"type": "Feature", "properties": {"osmid": 10034247613}, "geometry": {"type": "Point", "coordinates": [-74.660421, 40.347336]}}, {"type": "Feature", "properties": {"osmid": 10034264796}, "geometry": {"type": "Point", "coordinates": [-74.659529, 40.347637]}}, {"type": "Feature", "properties": {"osmid": 10034264797}, "geometry": {"type": "Point", "coordinates": [-74.659937, 40.347698]}}, {"type": "Feature", "properties": {"osmid": 10034264798}, "geometry": {"type": "Point", "coordinates": [-74.660055, 40.347667]}}, {"type": "Feature", "properties": {"osmid": 10034266417}, "geometry": {"type": "Point", "coordinates": [-74.660393, 40.347262]}}, {"type": "Feature", "properties": {"osmid": 10034266437}, "geometry": {"type": "Point", "coordinates": [-74.659985, 40.346714]}}, {"type": "Feature", "properties": {"osmid": 10034266438}, "geometry": {"type": "Point", "coordinates": [-74.659553, 40.346828]}}, {"type": "Feature", "properties": {"osmid": 10034266439}, "geometry": {"type": "Point", "coordinates": [-74.659719, 40.34723]}}, {"type": "Feature", "properties": {"osmid": 10034266442}, "geometry": {"type": "Point", "coordinates": [-74.658728, 40.346317]}}, {"type": "Feature", "properties": {"osmid": 10034266443}, "geometry": {"type": "Point", "coordinates": [-74.658689, 40.346373]}}, {"type": "Feature", "properties": {"osmid": 10034266444}, "geometry": {"type": "Point", "coordinates": [-74.659088, 40.346958]}}, {"type": "Feature", "properties": {"osmid": 10034266445}, "geometry": {"type": "Point", "coordinates": [-74.659036, 40.346984]}}, {"type": "Feature", "properties": {"osmid": 10034266446}, "geometry": {"type": "Point", "coordinates": [-74.659076, 40.346928]}}, {"type": "Feature", "properties": {"osmid": 10034266447}, "geometry": {"type": "Point", "coordinates": [-74.658393, 40.347646]}}, {"type": "Feature", "properties": {"osmid": 10034312387}, "geometry": {"type": "Point", "coordinates": [-74.650304, 40.349393]}}, {"type": "Feature", "properties": {"osmid": 10034312388}, "geometry": {"type": "Point", "coordinates": [-74.650259, 40.349301]}}, {"type": "Feature", "properties": {"osmid": 10034312396}, "geometry": {"type": "Point", "coordinates": [-74.650428, 40.349232]}}, {"type": "Feature", "properties": {"osmid": 10034312410}, "geometry": {"type": "Point", "coordinates": [-74.650587, 40.349608]}}, {"type": "Feature", "properties": {"osmid": 10034409373}, "geometry": {"type": "Point", "coordinates": [-74.657625, 40.344917]}}, {"type": "Feature", "properties": {"osmid": 10034409376}, "geometry": {"type": "Point", "coordinates": [-74.657813, 40.345262]}}, {"type": "Feature", "properties": {"osmid": 10034409394}, "geometry": {"type": "Point", "coordinates": [-74.657782, 40.345212]}}, {"type": "Feature", "properties": {"osmid": 10034409408}, "geometry": {"type": "Point", "coordinates": [-74.65735, 40.347981]}}, {"type": "Feature", "properties": {"osmid": 10034409409}, "geometry": {"type": "Point", "coordinates": [-74.657442, 40.348181]}}, {"type": "Feature", "properties": {"osmid": 10034409410}, "geometry": {"type": "Point", "coordinates": [-74.657422, 40.347907]}}, {"type": "Feature", "properties": {"osmid": 10034409412}, "geometry": {"type": "Point", "coordinates": [-74.657463, 40.348222]}}, {"type": "Feature", "properties": {"osmid": 10034409415}, "geometry": {"type": "Point", "coordinates": [-74.657328, 40.347933]}}, {"type": "Feature", "properties": {"osmid": 10034452957}, "geometry": {"type": "Point", "coordinates": [-74.657438, 40.349017]}}, {"type": "Feature", "properties": {"osmid": 10034452960}, "geometry": {"type": "Point", "coordinates": [-74.656655, 40.349272]}}, {"type": "Feature", "properties": {"osmid": 10034452961}, "geometry": {"type": "Point", "coordinates": [-74.656617, 40.349348]}}, {"type": "Feature", "properties": {"osmid": 10034452962}, "geometry": {"type": "Point", "coordinates": [-74.656424, 40.349351]}}, {"type": "Feature", "properties": {"osmid": 10034452963}, "geometry": {"type": "Point", "coordinates": [-74.656372, 40.349368]}}, {"type": "Feature", "properties": {"osmid": 10034452964}, "geometry": {"type": "Point", "coordinates": [-74.656506, 40.349323]}}, {"type": "Feature", "properties": {"osmid": 10034452965}, "geometry": {"type": "Point", "coordinates": [-74.657675, 40.348982]}}, {"type": "Feature", "properties": {"osmid": 10034452966}, "geometry": {"type": "Point", "coordinates": [-74.657504, 40.349034]}}, {"type": "Feature", "properties": {"osmid": 10034457534}, "geometry": {"type": "Point", "coordinates": [-74.653467, 40.35036]}}, {"type": "Feature", "properties": {"osmid": 10034457535}, "geometry": {"type": "Point", "coordinates": [-74.655705, 40.34964]}}, {"type": "Feature", "properties": {"osmid": 10034457538}, "geometry": {"type": "Point", "coordinates": [-74.655689, 40.349646]}}, {"type": "Feature", "properties": {"osmid": 10034457539}, "geometry": {"type": "Point", "coordinates": [-74.655498, 40.349842]}}, {"type": "Feature", "properties": {"osmid": 10034457540}, "geometry": {"type": "Point", "coordinates": [-74.655436, 40.349738]}}, {"type": "Feature", "properties": {"osmid": 10034471817}, "geometry": {"type": "Point", "coordinates": [-74.650644, 40.349278]}}, {"type": "Feature", "properties": {"osmid": 10034471818}, "geometry": {"type": "Point", "coordinates": [-74.65117, 40.349708]}}, {"type": "Feature", "properties": {"osmid": 10034471819}, "geometry": {"type": "Point", "coordinates": [-74.651036, 40.349424]}}, {"type": "Feature", "properties": {"osmid": 10034471820}, "geometry": {"type": "Point", "coordinates": [-74.65114, 40.349079]}}, {"type": "Feature", "properties": {"osmid": 10034471821}, "geometry": {"type": "Point", "coordinates": [-74.65095, 40.349129]}}, {"type": "Feature", "properties": {"osmid": 10034471822}, "geometry": {"type": "Point", "coordinates": [-74.651094, 40.349091]}}, {"type": "Feature", "properties": {"osmid": 10034471832}, "geometry": {"type": "Point", "coordinates": [-74.651123, 40.349401]}}, {"type": "Feature", "properties": {"osmid": 10034471849}, "geometry": {"type": "Point", "coordinates": [-74.651302, 40.349672]}}, {"type": "Feature", "properties": {"osmid": 10034471853}, "geometry": {"type": "Point", "coordinates": [-74.651287, 40.349567]}}, {"type": "Feature", "properties": {"osmid": 10034471854}, "geometry": {"type": "Point", "coordinates": [-74.651364, 40.349563]}}, {"type": "Feature", "properties": {"osmid": 10036853324}, "geometry": {"type": "Point", "coordinates": [-74.651381, 40.344915]}}, {"type": "Feature", "properties": {"osmid": 10064262068}, "geometry": {"type": "Point", "coordinates": [-74.660333, 40.348674]}}, {"type": "Feature", "properties": {"osmid": 10064262069}, "geometry": {"type": "Point", "coordinates": [-74.660668, 40.348588]}}, {"type": "Feature", "properties": {"osmid": 10085089046}, "geometry": {"type": "Point", "coordinates": [-74.660762, 40.351109]}}, {"type": "Feature", "properties": {"osmid": 10173256886}, "geometry": {"type": "Point", "coordinates": [-74.651645, 40.346456]}}, {"type": "Feature", "properties": {"osmid": 10173256887}, "geometry": {"type": "Point", "coordinates": [-74.651544, 40.346227]}}, {"type": "Feature", "properties": {"osmid": 10173256888}, "geometry": {"type": "Point", "coordinates": [-74.651827, 40.346653]}}, {"type": "Feature", "properties": {"osmid": 10173256898}, "geometry": {"type": "Point", "coordinates": [-74.651411, 40.346669]}}, {"type": "Feature", "properties": {"osmid": 10173346451}, "geometry": {"type": "Point", "coordinates": [-74.644444, 40.347489]}}, {"type": "Feature", "properties": {"osmid": 10173346453}, "geometry": {"type": "Point", "coordinates": [-74.644072, 40.347491]}}, {"type": "Feature", "properties": {"osmid": 10173346454}, "geometry": {"type": "Point", "coordinates": [-74.64406, 40.347474]}}, {"type": "Feature", "properties": {"osmid": 10173346456}, "geometry": {"type": "Point", "coordinates": [-74.643879, 40.347551]}}, {"type": "Feature", "properties": {"osmid": 10173346457}, "geometry": {"type": "Point", "coordinates": [-74.643929, 40.347529]}}, {"type": "Feature", "properties": {"osmid": 10173346458}, "geometry": {"type": "Point", "coordinates": [-74.644434, 40.347475]}}, {"type": "Feature", "properties": {"osmid": 10173346459}, "geometry": {"type": "Point", "coordinates": [-74.644152, 40.347597]}}, {"type": "Feature", "properties": {"osmid": 10195854663}, "geometry": {"type": "Point", "coordinates": [-74.644218, 40.347426]}}, {"type": "Feature", "properties": {"osmid": 10195854664}, "geometry": {"type": "Point", "coordinates": [-74.644299, 40.347534]}}, {"type": "Feature", "properties": {"osmid": 10195854665}, "geometry": {"type": "Point", "coordinates": [-74.644414, 40.347693]}}, {"type": "Feature", "properties": {"osmid": 10195854666}, "geometry": {"type": "Point", "coordinates": [-74.644341, 40.347725]}}, {"type": "Feature", "properties": {"osmid": 10195854669}, "geometry": {"type": "Point", "coordinates": [-74.644249, 40.347725]}}, {"type": "Feature", "properties": {"osmid": 10195854670}, "geometry": {"type": "Point", "coordinates": [-74.64447, 40.347669]}}, {"type": "Feature", "properties": {"osmid": 10195854673}, "geometry": {"type": "Point", "coordinates": [-74.644299, 40.34779]}}, {"type": "Feature", "properties": {"osmid": 10195854680}, "geometry": {"type": "Point", "coordinates": [-74.644503, 40.347244]}}, {"type": "Feature", "properties": {"osmid": 10195854682}, "geometry": {"type": "Point", "coordinates": [-74.644414, 40.347449]}}, {"type": "Feature", "properties": {"osmid": 10697170714}, "geometry": {"type": "Point", "coordinates": [-74.644901, 40.34563]}}, {"type": "Feature", "properties": {"osmid": 10697170719}, "geometry": {"type": "Point", "coordinates": [-74.645715, 40.345355]}}, {"type": "Feature", "properties": {"osmid": 10697170720}, "geometry": {"type": "Point", "coordinates": [-74.64495, 40.344007]}}, {"type": "Feature", "properties": {"osmid": 10697170721}, "geometry": {"type": "Point", "coordinates": [-74.64498, 40.344058]}}, {"type": "Feature", "properties": {"osmid": 10759732105}, "geometry": {"type": "Point", "coordinates": [-74.660997, 40.349796]}}, {"type": "Feature", "properties": {"osmid": 10759732112}, "geometry": {"type": "Point", "coordinates": [-74.661276, 40.349735]}}, {"type": "Feature", "properties": {"osmid": 10803288811}, "geometry": {"type": "Point", "coordinates": [-74.648274, 40.350505]}}, {"type": "Feature", "properties": {"osmid": 10803288812}, "geometry": {"type": "Point", "coordinates": [-74.650914, 40.34978]}}, {"type": "Feature", "properties": {"osmid": 10803288814}, "geometry": {"type": "Point", "coordinates": [-74.651087, 40.350179]}}, {"type": "Feature", "properties": {"osmid": 10803288815}, "geometry": {"type": "Point", "coordinates": [-74.650259, 40.350404]}}, {"type": "Feature", "properties": {"osmid": 10803288816}, "geometry": {"type": "Point", "coordinates": [-74.65031, 40.350514]}}, {"type": "Feature", "properties": {"osmid": 10803288820}, "geometry": {"type": "Point", "coordinates": [-74.65016, 40.349726]}}, {"type": "Feature", "properties": {"osmid": 10803288822}, "geometry": {"type": "Point", "coordinates": [-74.65026, 40.349962]}}, {"type": "Feature", "properties": {"osmid": 10803288825}, "geometry": {"type": "Point", "coordinates": [-74.650827, 40.350926]}}, {"type": "Feature", "properties": {"osmid": 10803308523}, "geometry": {"type": "Point", "coordinates": [-74.647386, 40.348311]}}, {"type": "Feature", "properties": {"osmid": 10864256878}, "geometry": {"type": "Point", "coordinates": [-74.650228, 40.351834]}}, {"type": "Feature", "properties": {"osmid": 10864256879}, "geometry": {"type": "Point", "coordinates": [-74.650004, 40.351918]}}, {"type": "Feature", "properties": {"osmid": 10895071231}, "geometry": {"type": "Point", "coordinates": [-74.659942, 40.350304]}}, {"type": "Feature", "properties": {"osmid": 10895071232}, "geometry": {"type": "Point", "coordinates": [-74.659796, 40.350339]}}, {"type": "Feature", "properties": {"osmid": 10992295452}, "geometry": {"type": "Point", "coordinates": [-74.66104, 40.351091]}}, {"type": "Feature", "properties": {"osmid": 11050275942}, "geometry": {"type": "Point", "coordinates": [-74.656686, 40.357347]}}, {"type": "Feature", "properties": {"osmid": 11124620718}, "geometry": {"type": "Point", "coordinates": [-74.658547, 40.348069]}}, {"type": "Feature", "properties": {"osmid": 11124620719}, "geometry": {"type": "Point", "coordinates": [-74.658165, 40.348159]}}, {"type": "Feature", "properties": {"osmid": 11124620725}, "geometry": {"type": "Point", "coordinates": [-74.657386, 40.347917]}}, {"type": "Feature", "properties": {"osmid": 11124620726}, "geometry": {"type": "Point", "coordinates": [-74.65724, 40.34759]}}, {"type": "Feature", "properties": {"osmid": 11124620730}, "geometry": {"type": "Point", "coordinates": [-74.656953, 40.34723]}}, {"type": "Feature", "properties": {"osmid": 11124620736}, "geometry": {"type": "Point", "coordinates": [-74.656279, 40.347302]}}, {"type": "Feature", "properties": {"osmid": 11124620738}, "geometry": {"type": "Point", "coordinates": [-74.656257, 40.347431]}}, {"type": "Feature", "properties": {"osmid": 11268260627}, "geometry": {"type": "Point", "coordinates": [-74.649872, 40.352731]}}, {"type": "Feature", "properties": {"osmid": 11268260629}, "geometry": {"type": "Point", "coordinates": [-74.64983, 40.352656]}}, {"type": "Feature", "properties": {"osmid": 11423833866}, "geometry": {"type": "Point", "coordinates": [-74.65729, 40.350449]}}, {"type": "Feature", "properties": {"osmid": 11423879869}, "geometry": {"type": "Point", "coordinates": [-74.656923, 40.350328]}}, {"type": "Feature", "properties": {"osmid": 11423900524}, "geometry": {"type": "Point", "coordinates": [-74.652919, 40.351807]}}, {"type": "Feature", "properties": {"osmid": 11423900525}, "geometry": {"type": "Point", "coordinates": [-74.652945, 40.351798]}}, {"type": "Feature", "properties": {"osmid": 11424101904}, "geometry": {"type": "Point", "coordinates": [-74.661068, 40.350953]}}, {"type": "Feature", "properties": {"osmid": 11424101908}, "geometry": {"type": "Point", "coordinates": [-74.660479, 40.351106]}}, {"type": "Feature", "properties": {"osmid": 11424135384}, "geometry": {"type": "Point", "coordinates": [-74.660257, 40.350824]}}, {"type": "Feature", "properties": {"osmid": 11424135385}, "geometry": {"type": "Point", "coordinates": [-74.660164, 40.350852]}}, {"type": "Feature", "properties": {"osmid": 11424135388}, "geometry": {"type": "Point", "coordinates": [-74.660332, 40.350804]}}, {"type": "Feature", "properties": {"osmid": 11424221808}, "geometry": {"type": "Point", "coordinates": [-74.656449, 40.35178]}}, {"type": "Feature", "properties": {"osmid": 11424221811}, "geometry": {"type": "Point", "coordinates": [-74.656577, 40.351737]}}, {"type": "Feature", "properties": {"osmid": 11451686842}, "geometry": {"type": "Point", "coordinates": [-74.661046, 40.350952]}}, {"type": "Feature", "properties": {"osmid": 11914318398}, "geometry": {"type": "Point", "coordinates": [-74.649181, 40.346827]}}, {"type": "Feature", "properties": {"osmid": 11914318413}, "geometry": {"type": "Point", "coordinates": [-74.649358, 40.346839]}}, {"type": "Feature", "properties": {"osmid": 11914318428}, "geometry": {"type": "Point", "coordinates": [-74.646717, 40.344924]}}, {"type": "Feature", "properties": {"osmid": 11914318432}, "geometry": {"type": "Point", "coordinates": [-74.646795, 40.344017]}}, {"type": "Feature", "properties": {"osmid": 11914318438}, "geometry": {"type": "Point", "coordinates": [-74.646862, 40.344871]}}, {"type": "Feature", "properties": {"osmid": 11914318442}, "geometry": {"type": "Point", "coordinates": [-74.64739, 40.344383]}}, {"type": "Feature", "properties": {"osmid": 11914318518}, "geometry": {"type": "Point", "coordinates": [-74.647629, 40.344675]}}, {"type": "Feature", "properties": {"osmid": 11914318530}, "geometry": {"type": "Point", "coordinates": [-74.647869, 40.344633]}}, {"type": "Feature", "properties": {"osmid": 11959212286}, "geometry": {"type": "Point", "coordinates": [-74.654629, 40.347929]}}, {"type": "Feature", "properties": {"osmid": 11959212287}, "geometry": {"type": "Point", "coordinates": [-74.658811, 40.346494]}}, {"type": "Feature", "properties": {"osmid": 11959212288}, "geometry": {"type": "Point", "coordinates": [-74.658946, 40.347503]}}, {"type": "Feature", "properties": {"osmid": 11959212289}, "geometry": {"type": "Point", "coordinates": [-74.659108, 40.347293]}}, {"type": "Feature", "properties": {"osmid": 11959212290}, "geometry": {"type": "Point", "coordinates": [-74.659162, 40.34732]}}, {"type": "Feature", "properties": {"osmid": 11959212291}, "geometry": {"type": "Point", "coordinates": [-74.649334, 40.347102]}}, {"type": "Feature", "properties": {"osmid": 11959213382}, "geometry": {"type": "Point", "coordinates": [-74.65431, 40.346325]}}, {"type": "Feature", "properties": {"osmid": 11959213383}, "geometry": {"type": "Point", "coordinates": [-74.654543, 40.346634]}}, {"type": "Feature", "properties": {"osmid": 11959213393}, "geometry": {"type": "Point", "coordinates": [-74.658609, 40.345761]}}, {"type": "Feature", "properties": {"osmid": 11959213394}, "geometry": {"type": "Point", "coordinates": [-74.658825, 40.346289]}}, {"type": "Feature", "properties": {"osmid": 11959213395}, "geometry": {"type": "Point", "coordinates": [-74.65857, 40.346244]}}, {"type": "Feature", "properties": {"osmid": 11959213402}, "geometry": {"type": "Point", "coordinates": [-74.65875, 40.346503]}}, {"type": "Feature", "properties": {"osmid": 11959213403}, "geometry": {"type": "Point", "coordinates": [-74.659223, 40.347432]}}, {"type": "Feature", "properties": {"osmid": 11959213405}, "geometry": {"type": "Point", "coordinates": [-74.659626, 40.347516]}}, {"type": "Feature", "properties": {"osmid": 11959213406}, "geometry": {"type": "Point", "coordinates": [-74.659763, 40.34772]}}, {"type": "Feature", "properties": {"osmid": 11959213409}, "geometry": {"type": "Point", "coordinates": [-74.659913, 40.347647]}}, {"type": "Feature", "properties": {"osmid": 11959213412}, "geometry": {"type": "Point", "coordinates": [-74.659803, 40.34741]}}, {"type": "Feature", "properties": {"osmid": 11959213413}, "geometry": {"type": "Point", "coordinates": [-74.660182, 40.347311]}}, {"type": "Feature", "properties": {"osmid": 11959213414}, "geometry": {"type": "Point", "coordinates": [-74.659416, 40.347884]}}, {"type": "Feature", "properties": {"osmid": 11959213415}, "geometry": {"type": "Point", "coordinates": [-74.659857, 40.347768]}}, {"type": "Feature", "properties": {"osmid": 11959213423}, "geometry": {"type": "Point", "coordinates": [-74.657574, 40.347743]}}, {"type": "Feature", "properties": {"osmid": 11959213424}, "geometry": {"type": "Point", "coordinates": [-74.65748, 40.347532]}}, {"type": "Feature", "properties": {"osmid": 11959213448}, "geometry": {"type": "Point", "coordinates": [-74.65843, 40.347739]}}, {"type": "Feature", "properties": {"osmid": 11959213451}, "geometry": {"type": "Point", "coordinates": [-74.65828, 40.347959]}}, {"type": "Feature", "properties": {"osmid": 11959213537}, "geometry": {"type": "Point", "coordinates": [-74.653961, 40.343128]}}, {"type": "Feature", "properties": {"osmid": 11959213538}, "geometry": {"type": "Point", "coordinates": [-74.653971, 40.342943]}}, {"type": "Feature", "properties": {"osmid": 11959213539}, "geometry": {"type": "Point", "coordinates": [-74.654115, 40.343087]}}, {"type": "Feature", "properties": {"osmid": 11959213632}, "geometry": {"type": "Point", "coordinates": [-74.65658, 40.345741]}}, {"type": "Feature", "properties": {"osmid": 11959213638}, "geometry": {"type": "Point", "coordinates": [-74.64486, 40.345559]}}, {"type": "Feature", "properties": {"osmid": 11959213639}, "geometry": {"type": "Point", "coordinates": [-74.644795, 40.345451]}}, {"type": "Feature", "properties": {"osmid": 11959213647}, "geometry": {"type": "Point", "coordinates": [-74.64446, 40.345681]}}, {"type": "Feature", "properties": {"osmid": 11959213653}, "geometry": {"type": "Point", "coordinates": [-74.64421, 40.34471]}}, {"type": "Feature", "properties": {"osmid": 11959213654}, "geometry": {"type": "Point", "coordinates": [-74.645125, 40.344418]}}, {"type": "Feature", "properties": {"osmid": 11959213655}, "geometry": {"type": "Point", "coordinates": [-74.645039, 40.344449]}}, {"type": "Feature", "properties": {"osmid": 11959213656}, "geometry": {"type": "Point", "coordinates": [-74.645178, 40.344398]}}, {"type": "Feature", "properties": {"osmid": 11959213657}, "geometry": {"type": "Point", "coordinates": [-74.646357, 40.345138]}}, {"type": "Feature", "properties": {"osmid": 11959213658}, "geometry": {"type": "Point", "coordinates": [-74.645676, 40.345285]}}, {"type": "Feature", "properties": {"osmid": 11959213659}, "geometry": {"type": "Point", "coordinates": [-74.645561, 40.345407]}}, {"type": "Feature", "properties": {"osmid": 11959213660}, "geometry": {"type": "Point", "coordinates": [-74.645519, 40.345336]}}, {"type": "Feature", "properties": {"osmid": 11959213897}, "geometry": {"type": "Point", "coordinates": [-74.651363, 40.346219]}}, {"type": "Feature", "properties": {"osmid": 11959213899}, "geometry": {"type": "Point", "coordinates": [-74.651588, 40.346324]}}, {"type": "Feature", "properties": {"osmid": 11959213900}, "geometry": {"type": "Point", "coordinates": [-74.651269, 40.346371]}}, {"type": "Feature", "properties": {"osmid": 11959213909}, "geometry": {"type": "Point", "coordinates": [-74.651837, 40.346677]}}, {"type": "Feature", "properties": {"osmid": 11959213914}, "geometry": {"type": "Point", "coordinates": [-74.650776, 40.346737]}}, {"type": "Feature", "properties": {"osmid": 11959213915}, "geometry": {"type": "Point", "coordinates": [-74.649692, 40.346691]}}, {"type": "Feature", "properties": {"osmid": 11959213919}, "geometry": {"type": "Point", "coordinates": [-74.646515, 40.345417]}}, {"type": "Feature", "properties": {"osmid": 11959213923}, "geometry": {"type": "Point", "coordinates": [-74.64625, 40.345255]}}, {"type": "Feature", "properties": {"osmid": 11959213924}, "geometry": {"type": "Point", "coordinates": [-74.644744, 40.345738]}}, {"type": "Feature", "properties": {"osmid": 11959213925}, "geometry": {"type": "Point", "coordinates": [-74.645398, 40.346192]}}, {"type": "Feature", "properties": {"osmid": 11959213932}, "geometry": {"type": "Point", "coordinates": [-74.645173, 40.345602]}}, {"type": "Feature", "properties": {"osmid": 11959213935}, "geometry": {"type": "Point", "coordinates": [-74.645602, 40.345476]}}, {"type": "Feature", "properties": {"osmid": 11959213937}, "geometry": {"type": "Point", "coordinates": [-74.646398, 40.34521]}}, {"type": "Feature", "properties": {"osmid": 11959213938}, "geometry": {"type": "Point", "coordinates": [-74.645443, 40.346831]}}, {"type": "Feature", "properties": {"osmid": 11959213939}, "geometry": {"type": "Point", "coordinates": [-74.645549, 40.346787]}}, {"type": "Feature", "properties": {"osmid": 11959213940}, "geometry": {"type": "Point", "coordinates": [-74.645815, 40.346698]}}, {"type": "Feature", "properties": {"osmid": 11959213941}, "geometry": {"type": "Point", "coordinates": [-74.645137, 40.346279]}}, {"type": "Feature", "properties": {"osmid": 11959213942}, "geometry": {"type": "Point", "coordinates": [-74.645375, 40.346199]}}, {"type": "Feature", "properties": {"osmid": 11959213943}, "geometry": {"type": "Point", "coordinates": [-74.644712, 40.345696]}}, {"type": "Feature", "properties": {"osmid": 11959213944}, "geometry": {"type": "Point", "coordinates": [-74.644654, 40.345618]}}, {"type": "Feature", "properties": {"osmid": 11959213945}, "geometry": {"type": "Point", "coordinates": [-74.645685, 40.346949]}}, {"type": "Feature", "properties": {"osmid": 11959213959}, "geometry": {"type": "Point", "coordinates": [-74.646321, 40.345073]}}, {"type": "Feature", "properties": {"osmid": 11959213960}, "geometry": {"type": "Point", "coordinates": [-74.644506, 40.345666]}}, {"type": "Feature", "properties": {"osmid": 11959213961}, "geometry": {"type": "Point", "coordinates": [-74.645583, 40.345315]}}, {"type": "Feature", "properties": {"osmid": 11959213968}, "geometry": {"type": "Point", "coordinates": [-74.64486, 40.344092]}}, {"type": "Feature", "properties": {"osmid": 11959213980}, "geometry": {"type": "Point", "coordinates": [-74.647952, 40.344173]}}, {"type": "Feature", "properties": {"osmid": 11959213988}, "geometry": {"type": "Point", "coordinates": [-74.654293, 40.345237]}}, {"type": "Feature", "properties": {"osmid": 11959213989}, "geometry": {"type": "Point", "coordinates": [-74.6574, 40.345083]}}, {"type": "Feature", "properties": {"osmid": 11959213990}, "geometry": {"type": "Point", "coordinates": [-74.657351, 40.344904]}}, {"type": "Feature", "properties": {"osmid": 11959214023}, "geometry": {"type": "Point", "coordinates": [-74.647764, 40.344103]}}, {"type": "Feature", "properties": {"osmid": 11959214024}, "geometry": {"type": "Point", "coordinates": [-74.647599, 40.344076]}}, {"type": "Feature", "properties": {"osmid": 11959214026}, "geometry": {"type": "Point", "coordinates": [-74.647159, 40.344322]}}, {"type": "Feature", "properties": {"osmid": 11959214027}, "geometry": {"type": "Point", "coordinates": [-74.647126, 40.344177]}}, {"type": "Feature", "properties": {"osmid": 11959214032}, "geometry": {"type": "Point", "coordinates": [-74.647809, 40.344052]}}, {"type": "Feature", "properties": {"osmid": 11959214035}, "geometry": {"type": "Point", "coordinates": [-74.647816, 40.34407]}}, {"type": "Feature", "properties": {"osmid": 11959214039}, "geometry": {"type": "Point", "coordinates": [-74.647971, 40.344218]}}, {"type": "Feature", "properties": {"osmid": 11959214040}, "geometry": {"type": "Point", "coordinates": [-74.647769, 40.34428]}}, {"type": "Feature", "properties": {"osmid": 11959214045}, "geometry": {"type": "Point", "coordinates": [-74.648236, 40.344132]}}, {"type": "Feature", "properties": {"osmid": 11959214048}, "geometry": {"type": "Point", "coordinates": [-74.647514, 40.344351]}}, {"type": "Feature", "properties": {"osmid": 11959214273}, "geometry": {"type": "Point", "coordinates": [-74.65699, 40.346102]}}, {"type": "Feature", "properties": {"osmid": 11959214274}, "geometry": {"type": "Point", "coordinates": [-74.657134, 40.345914]}}, {"type": "Feature", "properties": {"osmid": 12269980601}, "geometry": {"type": "Point", "coordinates": [-74.651324, 40.352208]}}, {"type": "Feature", "properties": {"osmid": 12269980602}, "geometry": {"type": "Point", "coordinates": [-74.651292, 40.35215]}}, {"type": "Feature", "properties": {"osmid": 12269980603}, "geometry": {"type": "Point", "coordinates": [-74.651674, 40.352036]}}, {"type": "Feature", "properties": {"osmid": 12287024594}, "geometry": {"type": "Point", "coordinates": [-74.654801, 40.343391]}}, {"type": "Feature", "properties": {"osmid": 12287024596}, "geometry": {"type": "Point", "coordinates": [-74.654795, 40.34344]}}, {"type": "Feature", "properties": {"osmid": 12315002911}, "geometry": {"type": "Point", "coordinates": [-74.652784, 40.343757]}}, {"type": "Feature", "properties": {"osmid": 12372730879}, "geometry": {"type": "Point", "coordinates": [-74.660781, 40.351156]}}, {"type": "Feature", "properties": {"osmid": 12372730880}, "geometry": {"type": "Point", "coordinates": [-74.66086, 40.351342]}}, {"type": "Feature", "properties": {"osmid": 12372730881}, "geometry": {"type": "Point", "coordinates": [-74.660792, 40.351181]}}, {"type": "Feature", "properties": {"osmid": 12372730883}, "geometry": {"type": "Point", "coordinates": [-74.660717, 40.351377]}}, {"type": "Feature", "properties": {"osmid": 12372730884}, "geometry": {"type": "Point", "coordinates": [-74.660974, 40.351314]}}, {"type": "Feature", "properties": {"osmid": 12392907675}, "geometry": {"type": "Point", "coordinates": [-74.657119, 40.348301]}}, {"type": "Feature", "properties": {"osmid": 12392907676}, "geometry": {"type": "Point", "coordinates": [-74.656904, 40.34835]}}, {"type": "Feature", "properties": {"osmid": 12392907682}, "geometry": {"type": "Point", "coordinates": [-74.657042, 40.350223]}}, {"type": "Feature", "properties": {"osmid": 12492584087}, "geometry": {"type": "Point", "coordinates": [-74.641463, 40.352811]}}, {"type": "Feature", "properties": {"osmid": 12556856023}, "geometry": {"type": "Point", "coordinates": [-74.654627, 40.35779]}}, {"type": "Feature", "properties": {"osmid": 12556856024}, "geometry": {"type": "Point", "coordinates": [-74.654454, 40.357835]}}, {"type": "Feature", "properties": {"osmid": 12556856025}, "geometry": {"type": "Point", "coordinates": [-74.654537, 40.357813]}}, {"type": "Feature", "properties": {"osmid": 12556856052}, "geometry": {"type": "Point", "coordinates": [-74.653557, 40.358081]}}, {"type": "Feature", "properties": {"osmid": 12556856053}, "geometry": {"type": "Point", "coordinates": [-74.653384, 40.358129]}}, {"type": "Feature", "properties": {"osmid": 12556856054}, "geometry": {"type": "Point", "coordinates": [-74.653731, 40.358043]}}, {"type": "Feature", "properties": {"osmid": 12863615630}, "geometry": {"type": "Point", "coordinates": [-74.645668, 40.354001]}}, {"type": "Feature", "properties": {"osmid": 12863615634}, "geometry": {"type": "Point", "coordinates": [-74.647686, 40.356805]}}, {"type": "Feature", "properties": {"osmid": 13005385440}, "geometry": {"type": "Point", "coordinates": [-74.658824, 40.349245]}}, {"type": "Feature", "properties": {"osmid": 13005385441}, "geometry": {"type": "Point", "coordinates": [-74.658762, 40.349077]}}, {"type": "Feature", "properties": {"osmid": 13005385442}, "geometry": {"type": "Point", "coordinates": [-74.658521, 40.349325]}}, {"type": "Feature", "properties": {"osmid": 13005385443}, "geometry": {"type": "Point", "coordinates": [-74.658456, 40.349154]}}, {"type": "Feature", "properties": {"osmid": 13018595882}, "geometry": {"type": "Point", "coordinates": [-74.645018, 40.354121]}}, {"type": "Feature", "properties": {"osmid": 13018595883}, "geometry": {"type": "Point", "coordinates": [-74.644982, 40.354053]}}, {"type": "Feature", "properties": {"osmid": 13032423776}, "geometry": {"type": "Point", "coordinates": [-74.659977, 40.349049]}}, {"type": "Feature", "properties": {"osmid": 13032423780}, "geometry": {"type": "Point", "coordinates": [-74.660216, 40.348896]}}, {"type": "Feature", "properties": {"osmid": 13032423784}, "geometry": {"type": "Point", "coordinates": [-74.660207, 40.348841]}}, {"type": "Feature", "properties": {"osmid": 13032423788}, "geometry": {"type": "Point", "coordinates": [-74.660343, 40.349406]}}, {"type": "Feature", "properties": {"osmid": 13032423789}, "geometry": {"type": "Point", "coordinates": [-74.660247, 40.349195]}}, {"type": "Feature", "properties": {"osmid": 13032426921}, "geometry": {"type": "Point", "coordinates": [-74.660569, 40.347572]}}, {"type": "Feature", "properties": {"osmid": 13032426922}, "geometry": {"type": "Point", "coordinates": [-74.660142, 40.34768]}}, {"type": "Feature", "properties": {"osmid": 13032426923}, "geometry": {"type": "Point", "coordinates": [-74.659281, 40.347419]}}, {"type": "Feature", "properties": {"osmid": 13032426924}, "geometry": {"type": "Point", "coordinates": [-74.659258, 40.347364]}}, {"type": "Feature", "properties": {"osmid": 13046527141}, "geometry": {"type": "Point", "coordinates": [-74.655489, 40.350715]}}, {"type": "Feature", "properties": {"osmid": 13046527148}, "geometry": {"type": "Point", "coordinates": [-74.65515, 40.350843]}}, {"type": "Feature", "properties": {"osmid": 13046527150}, "geometry": {"type": "Point", "coordinates": [-74.655128, 40.350923]}}, {"type": "Feature", "properties": {"osmid": 13046527151}, "geometry": {"type": "Point", "coordinates": [-74.655147, 40.350959]}}, {"type": "Feature", "properties": {"osmid": 13046527153}, "geometry": {"type": "Point", "coordinates": [-74.655044, 40.350878]}}, {"type": "Feature", "properties": {"osmid": 13046527155}, "geometry": {"type": "Point", "coordinates": [-74.655067, 40.350804]}}, {"type": "Feature", "properties": {"osmid": 13046527162}, "geometry": {"type": "Point", "coordinates": [-74.654768, 40.350986]}}, {"type": "Feature", "properties": {"osmid": 13046527163}, "geometry": {"type": "Point", "coordinates": [-74.654808, 40.351068]}}, {"type": "Feature", "properties": {"osmid": 13046527165}, "geometry": {"type": "Point", "coordinates": [-74.654986, 40.350753]}}, {"type": "Feature", "properties": {"osmid": 13046527167}, "geometry": {"type": "Point", "coordinates": [-74.654714, 40.350879]}}, {"type": "Feature", "properties": {"osmid": 13046527168}, "geometry": {"type": "Point", "coordinates": [-74.654558, 40.351049]}}, {"type": "Feature", "properties": {"osmid": 13058037280}, "geometry": {"type": "Point", "coordinates": [-74.655452, 40.344787]}}, {"type": "Feature", "properties": {"osmid": 13058037285}, "geometry": {"type": "Point", "coordinates": [-74.655378, 40.345539]}}, {"type": "Feature", "properties": {"osmid": 13058037289}, "geometry": {"type": "Point", "coordinates": [-74.655327, 40.345463]}}, {"type": "Feature", "properties": {"osmid": 13058511942}, "geometry": {"type": "Point", "coordinates": [-74.657097, 40.347299]}}, {"type": "Feature", "properties": {"osmid": 13058511943}, "geometry": {"type": "Point", "coordinates": [-74.657286, 40.346718]}}, {"type": "Feature", "properties": {"osmid": 13226425458}, "geometry": {"type": "Point", "coordinates": [-74.661055, 40.352474]}}, {"type": "Feature", "properties": {"osmid": 13226425459}, "geometry": {"type": "Point", "coordinates": [-74.660897, 40.352516]}}, {"type": "Feature", "properties": {"osmid": 13232858727}, "geometry": {"type": "Point", "coordinates": [-74.653362, 40.346993]}}, {"type": "Feature", "properties": {"osmid": 13232858730}, "geometry": {"type": "Point", "coordinates": [-74.653107, 40.346459]}}, {"type": "Feature", "properties": {"osmid": 13233825705}, "geometry": {"type": "Point", "coordinates": [-74.65023, 40.358305]}}, {"type": "Feature", "properties": {"osmid": 13290159409}, "geometry": {"type": "Point", "coordinates": [-74.653005, 40.346307]}}, {"type": "Feature", "properties": {"osmid": 13290159410}, "geometry": {"type": "Point", "coordinates": [-74.652326, 40.346608]}}, {"type": "Feature", "properties": {"osmid": 13290159411}, "geometry": {"type": "Point", "coordinates": [-74.652836, 40.346081]}}, {"type": "Feature", "properties": {"osmid": 13290159412}, "geometry": {"type": "Point", "coordinates": [-74.652858, 40.346271]}}, {"type": "Feature", "properties": {"osmid": 13290159413}, "geometry": {"type": "Point", "coordinates": [-74.652196, 40.346644]}}, {"type": "Feature", "properties": {"osmid": 13290159415}, "geometry": {"type": "Point", "coordinates": [-74.652911, 40.346308]}}, {"type": "Feature", "properties": {"osmid": 13290159417}, "geometry": {"type": "Point", "coordinates": [-74.653055, 40.346409]}}, {"type": "Feature", "properties": {"osmid": 13290159420}, "geometry": {"type": "Point", "coordinates": [-74.65353, 40.346299]}}, {"type": "Feature", "properties": {"osmid": 13305413254}, "geometry": {"type": "Point", "coordinates": [-74.652744, 40.347243]}}, {"type": "Feature", "properties": {"osmid": 13322568873}, "geometry": {"type": "Point", "coordinates": [-74.65387, 40.345338]}}, {"type": "Feature", "properties": {"osmid": 13471236493}, "geometry": {"type": "Point", "coordinates": [-74.646746, 40.355553]}}, {"type": "Feature", "properties": {"osmid": 13471236502}, "geometry": {"type": "Point", "coordinates": [-74.646794, 40.356296]}}, {"type": "Feature", "properties": {"osmid": 13471236503}, "geometry": {"type": "Point", "coordinates": [-74.646869, 40.355493]}}, {"type": "Feature", "properties": {"osmid": 13471236504}, "geometry": {"type": "Point", "coordinates": [-74.6467, 40.355499]}}, {"type": "Feature", "properties": {"osmid": 13471236505}, "geometry": {"type": "Point", "coordinates": [-74.646813, 40.35552]}}, {"type": "Feature", "properties": {"osmid": 13527850082}, "geometry": {"type": "Point", "coordinates": [-74.660298, 40.351135]}}, {"type": "Feature", "properties": {"osmid": 13527850087}, "geometry": {"type": "Point", "coordinates": [-74.660957, 40.352647]}}, {"type": "Feature", "properties": {"osmid": 13744154420}, "geometry": {"type": "Point", "coordinates": [-74.6517, 40.354624]}}, {"type": "Feature", "properties": {"osmid": 13924649000}, "geometry": {"type": "Point", "coordinates": [-74.653599, 40.350368]}}, {"type": "Feature", "properties": {"osmid": 13924669001}, "geometry": {"type": "Point", "coordinates": [-74.65355, 40.350268]}}, {"type": "Feature", "properties": {"osmid": 13924669002}, "geometry": {"type": "Point", "coordinates": [-74.653575, 40.350322]}}, {"type": "Feature", "properties": {"osmid": 13924669003}, "geometry": {"type": "Point", "coordinates": [-74.653444, 40.350319]}}, {"type": "Feature", "properties": {"osmid": 14138106283}, "geometry": {"type": "Point", "coordinates": [-74.657458, 40.350964]}}, {"type": "Feature", "properties": {"osmid": 14138106284}, "geometry": {"type": "Point", "coordinates": [-74.657401, 40.350979]}}, {"type": "Feature", "properties": {"osmid": 14138106285}, "geometry": {"type": "Point", "coordinates": [-74.6566, 40.351682]}}, {"type": "Feature", "properties": {"osmid": 14138106286}, "geometry": {"type": "Point", "coordinates": [-74.656582, 40.351644]}}, {"type": "Feature", "properties": {"osmid": 14138106287}, "geometry": {"type": "Point", "coordinates": [-74.65639, 40.351746]}}, {"type": "Feature", "properties": {"osmid": 14138106288}, "geometry": {"type": "Point", "coordinates": [-74.656368, 40.351705]}}, {"type": "Feature", "properties": {"osmid": 14138106289}, "geometry": {"type": "Point", "coordinates": [-74.656185, 40.351365]}}, {"type": "Feature", "properties": {"osmid": 14138106290}, "geometry": {"type": "Point", "coordinates": [-74.655935, 40.351439]}}], "attribution": "(c) OpenStreetMap contributors, ODbL 1.0, snapshot 2026-09-07"}